config,description,label_scheme,feature_scheme,include_lux,model,n_epochs,n_features,positive_rate,majority_accuracy,pooled_accuracy,pooled_balanced_accuracy,pooled_precision,pooled_recall,pooled_f1,pooled_roc_auc,accuracy_mean,accuracy_sd,accuracy_n,balanced_accuracy_mean,balanced_accuracy_sd,balanced_accuracy_n,precision_mean,precision_sd,precision_n,recall_mean,recall_sd,recall_n,f1_mean,f1_sd,f1_n,roc_auc_mean,roc_auc_sd,roc_auc_n
A,as-is label (rating >= 4) + raw features  [HEADLINE],absolute,raw,True,Logistic Regression,1087,37,0.53,0.53,0.4885,0.4835,0.5158,0.5677,0.5405,0.4803,0.4903,0.1318,26,0.5068,0.1097,26,0.5575,0.2733,26,0.5725,0.269,26,0.5047,0.2054,26,0.5375,0.1478,23
A,as-is label (rating >= 4) + raw features  [HEADLINE],absolute,raw,True,XGBoost,1087,37,0.53,0.53,0.5207,0.5172,0.5452,0.5764,0.5603,0.5375,0.5258,0.1407,26,0.5353,0.1232,26,0.5767,0.2754,26,0.5741,0.2394,26,0.5275,0.2081,26,0.5847,0.1535,23
B,"as-is label + raw features, lighting features removed",absolute,raw,False,Logistic Regression,1087,35,0.53,0.53,0.4692,0.462,0.4993,0.5816,0.5373,0.4475,0.4699,0.1161,26,0.4976,0.0868,26,0.5409,0.2709,26,0.6058,0.2658,26,0.5061,0.1877,26,0.517,0.1223,23
B,"as-is label + raw features, lighting features removed",absolute,raw,False,XGBoost,1087,35,0.53,0.53,0.5143,0.5098,0.5383,0.5851,0.5607,0.5131,0.5184,0.1359,26,0.5417,0.1172,26,0.5586,0.2748,26,0.5909,0.2467,26,0.5253,0.2065,26,0.5449,0.124,23
C,as-is label + per-participant standardised features,absolute,within_person,True,Logistic Regression,1087,37,0.53,0.53,0.517,0.5103,0.5382,0.6233,0.5776,0.516,0.5184,0.119,26,0.5239,0.1227,26,0.5523,0.2873,26,0.5939,0.1803,26,0.5428,0.2076,26,0.5642,0.1433,23
C,as-is label + per-participant standardised features,absolute,within_person,True,XGBoost,1087,37,0.53,0.53,0.5492,0.5464,0.5719,0.5938,0.5826,0.5421,0.5505,0.1041,26,0.5688,0.1056,26,0.5944,0.2645,26,0.6115,0.2362,26,0.5531,0.1807,26,0.6193,0.1093,23
D,per-participant label + raw features,within_person,raw,True,Logistic Regression,768,37,0.533,0.533,0.5169,0.511,0.5419,0.6015,0.5701,0.56,0.5191,0.139,26,0.5204,0.1358,26,0.5576,0.233,26,0.6157,0.2996,26,0.5384,0.205,26,0.5979,0.2074,24
D,per-participant label + raw features,within_person,raw,True,XGBoost,768,37,0.533,0.533,0.5938,0.5919,0.618,0.621,0.6195,0.6299,0.5936,0.1391,26,0.5876,0.1397,26,0.6462,0.1806,26,0.6242,0.1917,26,0.6089,0.1446,26,0.6445,0.1576,24
E,per-participant label + per-participant standardised features,within_person,within_person,True,Logistic Regression,768,37,0.533,0.533,0.5742,0.5677,0.5884,0.6675,0.6254,0.6105,0.5809,0.1272,26,0.5811,0.1339,26,0.6165,0.1679,26,0.6872,0.1631,26,0.631,0.1142,26,0.6343,0.1719,24
E,per-participant label + per-participant standardised features,within_person,within_person,True,XGBoost,768,37,0.533,0.533,0.6211,0.6182,0.6392,0.6626,0.6507,0.6733,0.624,0.1064,26,0.617,0.1203,26,0.6577,0.179,26,0.6697,0.137,26,0.6483,0.1218,26,0.6826,0.1388,24
F,"per-participant label + per-participant features, lighting removed",within_person,within_person,False,Logistic Regression,768,35,0.533,0.533,0.5651,0.5547,0.5737,0.7139,0.6362,0.5761,0.5749,0.1059,26,0.5684,0.111,26,0.601,0.172,26,0.7259,0.1416,26,0.6386,0.11,26,0.5971,0.147,24
F,"per-participant label + per-participant features, lighting removed",within_person,within_person,False,XGBoost,768,35,0.533,0.533,0.5703,0.5666,0.5916,0.6235,0.6071,0.6098,0.5738,0.0723,26,0.5663,0.0651,26,0.6052,0.176,26,0.6215,0.1057,26,0.6008,0.1153,26,0.6132,0.1068,24
