feature,mean_abs_shap,mean_shap
lux_interpolated_std,0.31650884880175817,0.017369529762624042
lux_interpolated_mean,0.2077868525751694,-0.00042186539053399436
saccade_count_std,0.1909264697452961,-0.004391861546796634
std_EyeGaze_x_std,0.16759580073804486,-0.016724867004260298
FDI_mean,0.16680767533211716,0.004825072206977477
EyeGaze_z_std,0.12161202352074606,0.00047939967352506236
saccade_velocity_degree/s_std,0.11682191172050502,0.00400292189252454
fixation_count_std,0.1141682681432118,0.00023082954411308358
std_EyeGaze_y_mean,0.11384919994033482,-0.005125800130945367
EyeGaze_x_mean,0.11276079270174331,0.0009813638768786876
saccade_velocity_degree/s_mean,0.10192646036351231,0.010294465865192741
saccade_count_mean,0.1011906772728353,-0.0037567474935657885
std_EyeGaze_y_std,0.10038147202708776,-0.019848996575766695
EyeGaze_y_mean,0.09593669995791926,0.009085029852962105
fixation_count_mean,0.09186364010296824,-0.002394374512031455
saccade_amplitude_degree_std,0.09131123279399138,0.007552367838021632
gaze_x_scene_mean_mean,0.08524854645186995,0.001418040115806071
FDI_std,0.08463272478009712,0.003756903286878938
gaze_y_scene_mean_mean,0.0789956657129525,0.004472014751221484
std_EyeGaze_z_mean,0.07518441935876091,0.02071649118017306
EyeGaze_z_mean,0.07246610831943527,-0.02324613205670433
gaze_x_scene_mean_std,0.06894872474440021,0.013533587548873202
gaze_y_scene_mean_std,0.06822848093923843,0.006372158760470514
SaccRate_std,0.06241988122425528,0.004919548618770869
fdi_missing_frac,0.05901655536705361,-0.005881922700464971
EyeGaze_y_std,0.04694380206354207,0.0208129657330105
std_EyeGaze_x_mean,0.04315700693726527,0.007219279944180642
std_EyeGaze_z_std,0.042733275882200196,-0.0068002781866498725
saccade_amplitude_degree_mean,0.04178920290393244,0.003225546050848904
EyeGaze_x_std,0.034857189183481865,0.0014362009002947271
sacc_missing_frac,0.02707189301121166,0.00038682343577494863
GTE_mean,0.02166211768749608,-7.092762158424511e-05
SaccRate_mean,0.01966477290821123,0.005771189426060589
GTE_std,0.01438088753602207,-0.0003351501677056351
fixation_zero_frac,0.012893453577003016,-0.0015213981983204746
gte_nonzero_frac,0.010314014650071738,-0.0005242756226976302
blink_rate,0.008519686171220592,0.0038194824720727727
