feature,coefficient_mean,coefficient_sd,abs_coefficient_mean,n_folds_present,sign_consistency
lux_interpolated_std,0.45824783848550976,0.15480585746868572,0.45824783848550976,26,1.0
sacc_missing_frac,-0.202710157969391,0.15317190090459695,0.202710157969391,26,1.0
std_EyeGaze_y_mean,0.19664744049851285,0.11097033054182187,0.19664744049851285,26,1.0
EyeGaze_y_mean,-0.191676734015678,0.08786180859521922,0.191676734015678,26,1.0
FDI_mean,-0.1731018095479507,0.10132791094746489,0.1731018095479507,26,1.0
saccade_velocity_degree/s_std,-0.15153974080548643,0.05512460836365136,0.15153974080548643,26,1.0
std_EyeGaze_x_mean,0.14736547617552873,0.11794870400190695,0.14736547617552873,26,1.0
fixation_zero_frac,-0.14250283648868167,0.07642567263967708,0.14250283648868167,26,1.0
fdi_missing_frac,-0.14250283648868153,0.07642567263967694,0.14250283648868153,26,1.0
EyeGaze_z_std,-0.14248008056133535,0.04624373726934219,0.14248008056133535,26,1.0
saccade_count_std,0.12306322091134338,0.053559093865120214,0.12306322091134338,26,1.0
SaccRate_std,0.12306322017611518,0.05355909255401166,0.12306322017611518,26,1.0
fixation_count_std,-0.10119577187110415,0.049452278525868344,0.10119577187110415,26,1.0
saccade_amplitude_degree_std,-0.09806505597631238,0.0427745394701158,0.09806505597631238,26,1.0
EyeGaze_x_std,0.09503023758189671,0.0365248966891051,0.09503023758189671,26,1.0
saccade_velocity_degree/s_mean,-0.0852301773286534,0.04132619898834556,0.08547693966396833,26,0.9615384615384616
lux_interpolated_mean,-0.07581076458634198,0.08355464094022559,0.0816942955196098,26,0.7692307692307693
saccade_count_mean,-0.07918200847118784,0.08937994228609043,0.08073809862676241,26,0.8461538461538461
SaccRate_mean,-0.07918200826562381,0.08937994165559782,0.0807380984096735,26,0.8461538461538461
gaze_y_scene_mean_std,0.07717421022602619,0.03637683495604315,0.07717421022602619,26,1.0
EyeGaze_y_std,0.06642810156923387,0.04525559326384545,0.06965457587079572,26,0.9615384615384616
saccade_amplitude_degree_mean,-0.06412016683401425,0.03368426441009565,0.06891467270079875,26,0.9615384615384616
GTE_std,0.06759716773634758,0.040158499647166584,0.06759716773634758,26,1.0
std_EyeGaze_z_std,-0.05398686894407441,0.04405331499302513,0.06591222824233045,26,0.8846153846153846
std_EyeGaze_z_mean,-0.05912163815764863,0.04372216990819411,0.06057309824294429,26,0.9615384615384616
fixation_count_mean,0.03125345074037507,0.08176861739218945,0.060547590926977445,26,0.5
gaze_x_scene_mean_mean,-0.01084183316383893,0.06212453533357414,0.0520595988273953,26,0.5384615384615384
std_EyeGaze_y_std,0.050464441533341335,0.02769950463189867,0.05122322348885042,26,0.9230769230769231
FDI_std,-0.03877749207304759,0.03306321238674914,0.04482382590407573,26,0.8461538461538461
gte_nonzero_frac,0.04399649422995872,0.056026442346999036,0.04399649422995872,26,1.0
std_EyeGaze_x_std,-0.028186000211655703,0.057281958354138025,0.042554767043213634,26,0.5384615384615384
gaze_y_scene_mean_mean,-0.04086848236291164,0.02714276339697267,0.04086848236291164,26,1.0
GTE_mean,-0.017995406065398487,0.0811848797943826,0.035547210798216,26,0.5
gaze_x_scene_mean_std,-0.006457130217401691,0.043318145765743866,0.03214251735321411,26,0.5384615384615384
EyeGaze_z_mean,0.013140191183179085,0.02771368867762116,0.023064823323059605,26,0.7692307692307693
blink_rate,-0.013171407927791971,0.020015635054516225,0.018416327313710935,26,0.8846153846153846
EyeGaze_x_mean,0.0032590411012627203,0.021575140866716604,0.015685814140522353,26,0.5
