rec,n,frac_z_le0,depth_med_mm,z_med_mm,sd_x_3d,sd_y_3d,sd_x_norm,sd_y_norm,sd_x_norm_bino,sd_y_norm_bino,frac_mono,verg_med_deg
p01_t1,8050,0.0,91.0949945446648,87.25782102604072,4.3772891375269305,5.107214902004296,3.5891944742961783,4.2790399243660735,3.362495129735101,3.2332195128313224,0.005093167701863299,28.229383067804516
p01_t2,6867,0.0,93.11884071965495,87.73592070257473,4.487591416508273,3.1967141978628835,3.4483561061304058,2.4648269653210986,3.396984040251752,2.457867501967803,0.00029124799766999665,27.131393607637133
p01_t3,15810,0.0,85.76044764658067,78.98087940061019,5.0262663148873905,5.135624990081392,4.53956639407059,3.9360558004802515,3.7715970906653946,3.8785985600740274,0.009108159392789417,30.33471311393358
p01_t4,9107,0.0,83.30901868546302,78.66480734471817,4.418956440416208,3.574104429007665,3.4244137785997366,2.729483733966266,3.2963326388495777,2.709977428036096,0.0012078620841111665,29.336265778488446
p02_t1,10161,0.0,198.06802755829023,196.30218116989823,3.5532309076720088,2.7111230101018924,3.1375455456280466,2.366856903789621,3.1375455456280466,2.366856903789621,0.0,14.776737367251473
p02_t2,7114,0.0,174.6937449085022,172.73089323443966,4.254558529967338,2.7262283374659155,3.7795553039672107,2.338858971547269,3.7792532273648916,2.336590513839564,0.00014056789429295335,17.198672077881735
p02_t3,9256,0.0,197.6101656569611,194.9916952613895,8.8479418178315,7.442938265023901,10.995199004454527,4.155884361567318,3.3381993427449714,2.5736981541195476,0.0632022471910112,16.026239085756444
p02_t4,10407,0.00019217834150091285,201.14921697667043,198.30033341800396,9.907147957051949,6.034715885982728,10.792097483049766,3.8699047092559464,3.097770510598125,3.222913191073945,0.042375324300951256,15.519496538875803
p03_t1,9756,0.0,107.31137228681678,106.5384312332028,3.722718212263233,2.530084427605705,3.0705460965892537,2.4372815055309327,3.045127591294845,2.157378232890267,0.008610086100861003,27.891503073172586
p03_t2,10708,0.0,107.39935994985275,106.704802616639,4.055367482648404,3.386002947738568,3.270010615560295,2.9476442679744514,3.2601757756422933,2.702937947007226,0.0040156892043332615,25.845645773556583
p03_t3,19001,0.0,96.24595572487664,95.5831462592493,3.551134370266437,4.392447898257353,2.9456134916989902,4.167334020080286,2.88370344058424,3.4164429738462703,0.018946371243618754,30.177279012674184
p03_t4,12380,0.0,96.0162830565043,95.56760331489957,4.653997414781004,4.88520100026391,3.8901236482456247,3.343682740721109,3.5151493595293513,3.1441628689472942,0.01704361873990312,28.188947484908134
p04_t1,4259,0.0,116.54029469551284,115.15130139380744,3.830828834163391,3.2027865044294845,3.3401624741926885,2.7448740166330654,3.1686130033749103,2.68720679899659,0.006104719417703741,23.820714675180394
p04_t2,5583,0.0,126.10494241257231,123.03791585033906,3.9382605326283797,3.030720749451527,3.51652861304346,2.6427155135495415,3.311673062675964,2.562029762351888,0.0077019523553645275,21.433118913162435
p04_t3,9452,0.0,126.03167304503398,124.3426375995116,4.194986545267848,4.638267311035567,3.8152989507021986,4.008272613272363,3.531035731659808,3.932535006959616,0.0067710537452391195,22.66464812226163
p04_t4,6850,0.00014598540145985403,122.53342871223043,121.15571360313407,4.528097325735446,3.2848364641386127,3.619277740745776,2.9379216857355352,3.1443719528208423,2.5514011583944023,0.010364963503649682,22.36849738844744
p05_t1,9826,0.0,94.14344255988314,93.16583444267248,5.569365715476238,3.8655832976068876,4.145240931339171,3.0080142037141653,4.14242216886813,3.0069234649879135,0.00010177081213103012,28.04743335242313
p05_t2,9358,0.0,79.22076830462088,78.69160832011396,5.383610884470013,4.287405095793154,3.7584550338749922,3.216490884603592,3.744635618822358,3.2073535389642447,0.0005343022013251097,32.49449787991242
p05_t3,11620,0.0,80.47391157716905,79.38812919036262,7.254993336655875,4.109977550365424,5.437228248523544,3.008013142787374,5.357676157939453,2.924655222866651,0.004388984509466454,32.11175258580617
p05_t4,30443,0.0,84.74612365868083,83.53753058054187,5.191810315010754,5.527672210257253,4.065239972594692,4.166361824460151,3.792872410537517,4.062180627668429,0.008770489110797253,30.90306375665551
p06_t1,10288,9.720062208398134e-05,70.23098281186633,70.07073625065024,4.500883887415024,2.966738226528514,3.1837110106143656,2.301163946464159,2.9124799006012836,2.22776037330822,0.0017496111975117135,36.265559360590686
p06_t2,6088,0.0,82.34530101400311,81.9636096750016,4.206104590543131,2.8170944570536927,2.8768329815007267,2.1325450313197174,2.861555128628831,2.1020727556627627,0.0003285151116951823,32.992663799865305
p06_t3,9856,0.019784902597402596,77.35592197817265,75.75174814082042,20.76402560685789,12.604882917055464,15.138601615552693,13.18422378170637,9.37226405708381,10.212147841357256,0.18547077922077926,35.5757202742811
p06_t4,9517,0.0,70.4482232829777,70.08168939109228,5.616964730618402,4.287695688078926,5.481114162531047,4.148972763088376,3.294512438084483,2.657697605763499,0.03982347378375539,35.26926942136144
p07_t1,6309,0.0,95.51442926874199,95.00350629633252,4.4703414899500045,4.295377667847424,4.046473893947368,3.570005189305725,3.1489182432747356,3.345329865243954,0.014740846409890596,27.575984224517466
p07_t2,10942,0.0,87.15774752822308,86.60035797801454,4.852587453355033,3.0751348354384005,4.159285051745039,2.4593768374732172,3.4530769232126137,2.3517379139046604,0.010144397733503951,29.79537590962005
p07_t3,12138,0.00024715768660405336,104.02466751067337,103.12814782350557,4.354438394120426,4.153163048273501,4.044562021978996,3.546332005019317,2.7105107311815857,3.3569050591296756,0.016724336793540906,26.37683683765636
p07_t4,10516,0.0,85.75955880178633,85.41073814184216,4.629260973595857,3.338572473895012,4.014469062026162,2.7179087792333783,3.0451058354058156,2.518807453545526,0.011030810193990104,30.293666476950776
p08_t1,8218,0.0,141.19131730030097,140.419784250475,4.090687357769677,2.990437736634297,3.5137947220330097,2.5594438233915544,3.4710062988569255,2.538296284819514,0.003650523241664594,20.18801123407507
p08_t2,8363,0.0,143.39052274059162,142.92727566604532,4.126514466115003,2.9711590755377006,3.5724301838657984,2.5466263063951584,3.5123285614167465,2.5097810943290786,0.010402965443022882,20.140770875059182
p08_t3,11361,0.0003520816829504445,128.11922505379522,127.52150284795846,4.817696341205045,4.098175444992031,3.3047068634984926,3.4943900150982516,3.2226440910420275,3.3800118161400485,0.014259308159493056,22.97723512693519
p08_t4,15477,0.0,101.2659631938507,100.70788998675488,4.212189452680027,3.8513907658871824,3.709567122373723,3.330716128730397,3.455972102487165,3.166876938009738,0.02681398203786267,27.280130308477435
p09_t1,7202,0.0,134.87574586596304,133.39773239495753,5.362546095080798,3.627106260774515,4.892465437345513,3.149616106307401,4.4163689699320114,2.8623129682219353,0.006942515967786722,19.857316275913234
p09_t2,5350,0.0,154.48497233112738,152.8939211378085,4.198642878308411,3.191158583846136,3.9765307315323244,2.83947568858137,3.61699457575377,2.6022784719372813,0.004485981308411269,19.32324667144144
p09_t3,13831,0.04620056395054588,263.29413384868644,252.6335896619357,37.9915289950966,5.495669905086985,6.238643883772553,3.5017168679787734,2.999725674145501,2.6791107345974656,0.045622153134263654,14.264769068825384
p09_t4,10056,0.0,183.45328241564388,180.53369954203305,3.8155776302535744,3.8329938108553514,4.19999467281704,3.5848537501877495,3.4574183538933405,3.0582848870964585,0.010640413683373096,17.175215671297856
p10_t1,6783,0.0,90.88658454495712,90.328643649463,4.173088623117092,2.644698895172301,3.3170249266903014,2.2040167910301984,3.1638524748484937,2.0879076258596934,0.006929087424443425,30.36172235291953
p10_t2,6926,0.0,121.39753323500014,120.57064497566539,3.995961261456226,2.6433915771782948,3.6144427468044387,2.3912591640727268,3.206899037722702,2.1618224365815006,0.013427663875252627,22.214632424872924
p10_t3,16804,0.00011901928112354201,111.01748778119597,108.88238058811983,8.991896194511707,5.544325072865293,7.724408172031636,4.521555995882332,6.083812362589935,3.909796767433098,0.032968340871221136,24.88495493785802
p10_t4,7172,0.0,102.09612320055362,98.43395644862863,4.1342385322336845,4.358669479286792,3.5131618941628173,3.6655913403145703,3.058517307992904,3.3257237594984277,0.013943112102621336,25.336359697937723
p11_t1,13995,7.145409074669524e-05,120.41678969498463,119.07278497249712,4.872253201088178,4.669223096676155,4.0467144372590615,3.825355329027947,3.8816258615037236,3.7655978733068607,0.002143622722400873,23.170297369765997
p11_t2,6930,0.0,144.5259221220441,142.76894753338127,4.231412453558695,3.8172010532202196,3.7268963511380164,3.2100621201329593,3.647887731535196,3.2002802779895774,0.0011544011544011301,20.560566641471603
p11_t3,25994,0.0,124.38107425969511,122.964980005252,7.096249686515429,4.92216676056882,6.909645689248396,4.170564953543948,4.946681998627105,3.632666270620527,0.013349234438716606,23.10209470293977
p11_t4,12290,8.136696501220504e-05,163.033993040104,161.72265190834747,5.617505576100101,5.597041980646656,5.774762424153438,4.785598627629847,4.4842778081884305,4.39921117830248,0.007973962571196092,17.76460899265033
p12_t1,9558,0.0,153.56173646569619,152.91468280084828,4.177568691545588,3.2534930328325027,3.695731033156841,2.783442831308188,3.6278412120477923,2.765124734995623,0.0025109855618330457,19.365415654347956
p12_t2,5459,0.0,167.03498829999666,166.15710603426174,3.8136856365417886,4.5625551999738,3.565179365576908,4.005515369234852,3.3207763480901065,3.9770859992496574,0.0058618794651035255,17.982728665798366
p12_t3,18460,0.0,161.00341052498283,160.17652461072623,7.2633457084768045,4.584159363365068,6.420942441801062,3.920589219766557,6.251849674946205,3.824418786798132,0.010075839653304497,18.45456680451627
p12_t4,15309,0.0,140.57305486698706,140.2695728771245,6.533743993273962,3.6002730201892756,6.019925557467296,3.07927657948705,5.405262938305378,2.9585443405926717,0.011365863217715044,21.773594051171784
p13_t1,14162,0.0,104.1685794514635,103.67108166225142,4.9347629852655395,3.281228553630229,3.8886189705511387,2.59496942243649,3.850689288224006,2.535811546688691,0.0008473379466177322,26.291750176429268
p13_t2,6622,0.0,96.9774753244406,96.39297635752614,5.439477011120512,3.7608819616376636,4.184933047372299,2.971678018135794,4.149061206229227,2.881156636716741,0.0015101177891875261,28.105139592440743
p13_t3,22494,0.02871876944963101,138.65556409975966,136.64113297555167,26.508268565061698,4.213288152616364,6.787141449278461,6.35359546893752,4.957155289984446,5.31332135591239,0.0532141904507869,22.008362654288923
p13_t4,9465,0.0,109.24000044562997,107.93367230373332,4.456300277537342,3.256137271929223,3.998453496564614,3.564835902883073,3.5039402567856675,2.575795525484161,0.0061278394083464915,26.598064655778547
p14_t1,15285,0.0,239.61244593194326,237.43836006199743,4.831614551032862,3.152882415330405,4.552726392161388,2.7797113516808163,4.535002076940243,2.7746932203664065,0.0006542361792607476,12.50542062318969
p14_t2,10384,0.0,218.2341404613063,217.49816211995778,4.479592801245448,4.124893860302067,4.207458567788586,3.6458022782356214,4.189246332186864,3.633197757588627,0.0008667180277349695,14.352191934696327
p14_t3,30727,0.0,160.7883380573487,159.53826430975874,4.416100311560632,3.5103072436272647,3.987793752194314,3.0754507502984545,3.7771037323104784,3.0508092843338694,0.003710092101409157,19.222755469009087
p14_t4,26468,0.0001511258878645912,178.83573778836836,176.4825951902638,7.114852228453025,7.5919241888811815,5.739350922338071,6.637189561327482,5.627015239776879,6.430338045367443,0.03736587577452022,16.78565307401409
p15_t1,15877,0.0003779051458084021,186.49740933084314,183.1162555354213,4.7010035065421425,3.175484181498977,4.0402734158100495,2.9759655445787354,3.0053597057939094,2.5751276872226385,0.005227687850349549,17.3678634850676
p15_t2,6974,0.00014338973329509606,157.80134048007977,154.00136730989473,4.382324487977444,3.2355177877747234,4.023852370535648,2.82449347215853,3.3975331712390315,2.6071713776016496,0.004158302265557801,19.832480670808863
p15_t3,8720,0.0,162.59080902822404,156.44056621894606,4.014512412884085,3.875518615842164,4.676248813726352,3.3336186671016503,3.264255449027138,2.949706589447789,0.009518348623853257,20.318776646823615
p15_t4,14588,0.0004798464491362764,167.4068251643574,162.9611268382184,6.184849381589457,5.552870187823488,7.26743100107611,5.9398685393636255,4.129612368623326,4.498751498687554,0.02056484782012613,18.802890813204012
p16_t1,4986,0.0,93.48192363511393,92.78312460359211,4.238579572316649,3.39795845140955,4.888617281141277,2.7106299333577883,3.344622039974647,2.461120939996711,0.014239871640593704,30.00848722775998
p16_t2,5188,0.0009637625289128759,86.30368503020425,85.32376592617564,6.39828755986553,3.4815201540239666,4.484894504359061,2.7819583672434254,3.362038915999821,2.646561951092664,0.012336160370084781,30.885796950871587
p16_t3,13521,0.0,88.25786866739017,87.57894835601529,3.7927913944290292,3.402574089883271,3.735487675498818,2.683093178738762,2.982945265622103,2.585142863480344,0.007395902669920851,32.40298860596424
p16_t4,7062,0.0,103.40045829004848,102.89066018549167,3.5067323642248134,2.8373118111525373,4.607544684721576,2.2747635958187744,2.7414794970110368,2.075030469882931,0.013169073916737495,28.621755421130807
p17_t1,10080,0.0,105.12972824486336,102.42623483742744,3.929846289335155,3.690576953906492,3.4443537407722276,3.0974923807838977,3.090095508078513,2.9397776849708768,0.008035714285714257,26.918684836129927
p17_t2,4957,0.0,102.37789797590506,98.89224031014868,3.941626595393797,2.8944086856048123,3.4132938280364167,2.473823069445723,3.1725959280586844,2.343427023838368,0.00948154125479117,26.42488949418959
p17_t3,9249,0.0,93.37235986589575,92.77660146128152,3.7594307613211133,3.5453225853787558,4.407210913947775,4.195515385465061,2.780636283053498,2.405738785259964,0.08995567088333878,31.671041777898004
p17_t4,7505,0.0,96.32454748945212,94.68055219377828,4.395240586290019,2.905803848973245,6.053281327149612,4.345204521503807,2.7326548453511266,2.275410410485005,0.19293804130579617,28.622652409872718
p18_t1,8218,0.0,111.98183374054787,111.51567764648229,3.1367936397650835,2.7363785798298847,2.7378253008139466,2.4505249778200926,2.5482961646266977,2.2507379349044343,0.007787782915551267,25.95969870477628
p18_t2,6303,0.0,105.34514120155924,104.68816034088807,4.030936779206593,2.81167494652486,3.34976266682417,2.5968411962816798,3.153255920055733,2.248414504533633,0.011899095668729154,25.048491716139818
p18_t3,13331,0.0,95.84617954703059,95.16487906,4.356825177167175,6.108229919282301,3.537922859132854,5.25505367445956,3.3158361650527275,5.166081929583917,0.0072012602205385745,28.0731990221348
p18_t4,9856,0.0,118.44365270831742,115.0331669,4.291869653854487,4.794660234574269,4.2335259061717325,4.997586837577876,3.3773265724622434,4.055096773054515,0.04707792207792205,25.38121579597773
p19_t1,8204,0.0,224.22735532528105,217.46635748976638,4.775457704427526,3.006452915486152,4.353318559506741,2.6102462704819147,4.332328300260855,2.5943789849954673,0.0003656752803510299,13.499102736235002
p19_t2,7515,0.0,255.10571002634913,248.68407045897152,4.662485087676862,3.0709140650867246,4.325394631135048,2.671762136353251,4.31082753842123,2.6602870106446517,0.00013306719893546592,12.547848078767995
p19_t3,11204,0.00026776151374509105,206.01885470752978,198.63283900355088,9.228702814335668,8.359846134893987,8.98392352040128,8.166440152294976,7.732486948076261,7.213935502002993,0.04792931096037134,15.400257650724896
p19_t4,9339,0.0,240.43246172211397,236.99734485720268,4.427424756717474,3.5179885691641513,4.454056345424258,3.3412740618958887,3.943051789216187,2.879135419823529,0.007495449191562309,13.509846191311544
p20_t1,6668,0.0,230.9012132212107,226.18451456338124,4.329321739659486,3.1661178044581875,4.230827464454812,2.918397846997426,3.8847551808020384,2.7134558522180607,0.008848230353929232,12.908529720384179
p20_t2,7386,0.0,206.2661155615322,200.77754449104438,3.7302015453968966,2.5751142678649286,3.770317878371669,2.5696479259541882,3.3622037539093284,2.2249674283870258,0.01001895477931225,15.013127052067244
p20_t3,20339,0.0,190.41054156153055,183.04104958479,4.805794704375132,4.286274506115065,4.913356672344063,4.072259984555337,4.258269616225247,3.6045176622591297,0.01470082108264914,16.306947043222074
p20_t4,12054,0.0,214.76496736011268,207.90201854002106,4.71336336682684,4.15161383571005,4.804484651330352,4.062284057939621,3.9747953343605213,3.5112215641084665,0.016011282561805174,13.235227473399062
p21_t1,10331,0.0,338.2521238190168,332.9105167844365,4.511041575500157,4.38258017959507,4.39995993604883,3.992263518240885,4.193209934692575,3.9648158388654244,0.003194269673797323,9.060619228662356
p21_t2,9924,0.0,282.4977804710271,278.3276016285867,3.8805061431873535,3.1962558956448053,3.9902536597645994,2.92218313411545,3.579614503482113,2.878905865745654,0.00403063280935112,11.146325751488135
p21_t3,25552,3.913587977457733e-05,273.72399517712466,269.271072613343,3.62525290158191,2.7510154874911166,4.22381152886234,2.588908885412845,3.141212185850851,2.505575526326342,0.010371008140263038,11.665425315674247
p21_t4,21402,0.008083356695635922,304.38505557026366,297.3171826552298,13.507413933501775,3.9449130841598063,8.624246518694521,4.508829567333579,5.339079118416767,3.6622052462928716,0.0396224651901691,11.106037475758281
p22_t1,9675,0.0,86.55961657444051,85.53525610182476,4.53272526996449,3.333349721243738,3.8543929851837557,2.641071922866059,3.3915545056647685,2.538947733036982,0.010542635658914778,28.412529547947486
p22_t2,7426,0.0,68.97678847398016,67.25185539123072,5.8156523955902495,4.513250729143275,4.089028380362854,3.343734631693983,3.868433297291109,3.305804375502949,0.005386479935362232,33.61423795831759
p22_t3,13605,0.0,72.87957693191217,70.72681111169119,5.586791679814978,5.886535898351572,3.94563387819249,4.664582068462274,3.7162506588275765,4.518024985062959,0.004998162440279286,31.5975435107328
p22_t4,13827,0.0,64.07886034562965,62.29839704991728,5.949649697592796,5.538532416400243,4.147171889988969,4.136814246538127,3.908209343434403,4.110563934405624,0.005062558761842806,34.49011610092465
p23_t1,9561,0.0,186.50991701493982,185.68594979642265,3.5840223550378094,2.780885340062052,3.4075466502410254,2.613346231561633,3.2009154349203897,2.450751356630632,0.0030331555276644773,16.498659533402396
p23_t2,4269,0.0,55.50620758289699,55.15091686130906,4.665679526669878,3.4316923281087823,3.958869473380936,3.0342600665561634,3.0702956851146395,2.426009809715322,0.004919184820801115,42.606601562533434
p23_t3,6559,0.0,117.92968377884792,117.537715352149,4.502415316472273,2.859979036257795,3.842749564553326,3.0074745048688363,3.5071313585734907,2.5157208442018866,0.008995273669766712,24.44521560300579
p23_t4,6515,0.0,153.7112751726973,152.9891658248548,3.3598542693806746,2.7445324588009625,3.1098498373564567,2.565062359444626,2.9253544282429953,2.3799900101472162,0.003069838833461236,19.279911998974686
p24_t1,8064,0.0,54.622190045816396,52.78736323873468,4.910595838803069,3.676701239443757,3.431629969961502,3.8579359362797603,3.1496708398301134,2.7289682659679526,0.00520833333333337,40.53514209362899
p24_t2,5239,0.0,38.51487521442785,34.95380044239292,7.464694245553168,4.429624062889615,3.8746273822929798,3.0742205141166004,3.831646405788169,2.973469928203308,0.0005726283641915852,45.83597107236366
p24_t3,10956,0.0,44.47813130222397,42.45704260169094,9.302073445143671,7.635135188137943,5.958978690165732,8.21398862092159,5.1164797408737055,5.26095812153017,0.01907630522088355,43.72304450252769
p24_t4,24373,4.102900750830838e-05,44.13743064850421,42.09429009160584,9.96645125570458,9.18781353159823,6.95483594676232,9.182950277860723,5.944147805047468,6.35362821832762,0.027817667090633047,46.922453917759675
p25_t1,8903,0.0,137.1036404356823,134.34125103372196,4.5361149127610805,3.5097239423760827,3.93318678262553,3.0249781195991563,3.89313616257069,2.9994527961972572,0.0014601819611367306,21.1906969908832
p25_t2,5657,0.0,147.8604302111935,145.95223804115437,3.8070825640247627,3.081271880782803,3.340033481587328,2.7156899483150703,3.3059835416947356,2.6653732513203265,0.0017677214071062375,20.10466042054031
p25_t3,14695,0.0,165.90398666989998,160.99802904232268,4.8583425563404745,2.573004680252639,5.728947907146197,4.020148823867553,4.271794237216191,2.1646664262990236,0.10956107519564473,18.411383669540747
p25_t4,10779,0.0,167.10922587451978,161.91473526718767,4.129135995275077,2.9303222493503456,3.695557011922494,2.7301308303470515,3.605494903108297,2.6032467433183037,0.003989238333797163,18.450418882409846
p26_t1,6048,0.0,194.47057331367924,194.04197814805053,3.705000415094737,2.6772876195196496,3.3380284731820904,2.297741171102131,3.2953727296417648,2.289726869265214,0.0008267195767195368,15.637013320455306
p26_t2,7841,0.0,175.86944570498278,175.44953001013084,3.815801882862358,2.7747142866464602,3.4434653633763417,2.3906788132633148,3.3562245403646607,2.3798532767116836,0.0014028822854227352,17.178198407100528
p26_t3,12308,0.0,194.0974400685476,193.4299053954002,3.8412596652154787,3.139027710451194,3.906404169722182,2.7966448397857677,3.5037636517403006,2.7480627245408455,0.005849853753656209,15.74686875028188
p26_t4,9818,0.0,205.08713135213407,204.64658733306902,3.7522803404394924,3.01965292487881,3.085106663159455,2.2781509773858755,2.918688599726276,2.135014915676246,0.01334283968221639,14.9617237643967
p27_t1,7389,0.0,250.35281480599372,249.45686999357005,2.9071654478012228,2.7148966540003983,3.4282877724282255,2.8928140287892896,2.674338677923932,2.5010223848366646,0.013398294762484775,13.793574605361737
p27_t2,6228,0.0,135.6829716844714,135.0622382620915,3.6979437167890974,2.983667459359221,3.7225884911644993,2.699077826750849,3.1128245536166026,2.5851866193760578,0.005298651252408471,21.54521687776722
p27_t3,26990,3.705075954057058e-05,129.808183527467,128.05531344687955,8.20946981487341,7.363691406923442,9.704628608663903,6.093100697925127,6.386290081600033,5.697336584385668,0.053723601333827364,21.74063557074287
p27_t4,10833,9.231053263177328e-05,188.06215046552796,187.4867291677036,4.253112142741208,3.7776257824212753,3.9758731157322633,3.5226739937386533,3.360312916842426,3.2308913300626076,0.009600295393704439,16.635406214396234
p28_t1,9724,0.0,115.4296205940086,114.08196941477158,4.690426552585878,3.3805263091947126,3.8391123292629645,2.828141460065346,3.7153033292540028,2.7400916671072966,0.002365281777046535,24.782978843591096
p28_t2,4632,0.0,109.84770127405173,108.55238070667274,4.461046072374825,6.470646459702102,3.595749340079719,5.563246010822894,3.5655368166337285,5.553457338121668,0.0006476683937823857,26.185180906363797
p28_t3,10114,0.0,136.28704889721647,134.95624864664083,3.967199413279337,2.9838869343390364,3.733290890202574,2.6147725573323823,3.510005482806375,2.556518257371665,0.005734625271900384,22.92933713480054
p28_t4,6935,0.0,80.88581305143106,79.94175283895345,5.048875449432726,3.4325375975467165,5.837041788202236,3.8280986176653196,3.1801906211937867,2.7169527268498825,0.12025955299206925,33.50973701746013
p29_t1,8338,0.0,106.83045390184316,104.96508367727144,4.546487434269969,3.0770986817062282,3.650585319610262,2.574289904587448,3.6382236484376222,2.444965325703739,0.000719597025665597,26.603898804610502
p29_t2,6022,0.0,108.89199213628784,107.77893754979539,4.604349692816575,4.645475219393839,3.752921843472034,4.099968487600985,3.7489960014822965,3.4421613699227827,0.0033211557622052634,25.520370322348967
p29_t3,12795,0.0,105.80004227504169,103.11873078115748,5.903364655743999,9.89056127801872,4.7922766467184585,8.61327958522129,4.798638618623897,8.109401946735154,0.06744822196170375,26.506859269230834
p29_t4,10583,0.0,98.60618218527935,96.41075084052036,7.520311175831455,7.844826521116881,5.98928066470538,6.326635523793562,5.865813548050423,5.873050651677481,0.02362279126901634,28.222042002913135
p30_t1,12213,0.00016375992794563171,330.3085999949195,328.09514103389165,4.652521282072126,4.352723370781062,4.113553517870585,3.4611747016432646,3.6838583794548843,3.093475045367514,0.0031933185949397647,9.900753934558749
p30_t2,5007,0.0,413.1171880772481,412.1191719634807,3.2675187792186002,2.8580766988640276,3.777764970925485,2.639240206213885,3.0850992234454098,2.5123843474511136,0.004793289394847244,8.790094052342091
p30_t3,12968,7.711289327575571e-05,384.2964444590732,382.85069928909286,3.3975066377814795,2.6919194815151504,3.5700745276364207,2.516252036239969,3.0417534229926857,2.295462394817243,0.00347008019740902,8.828496710110809
p30_t4,16582,0.0,274.7454673814642,273.2376423274944,5.0583543822934,4.208489249542721,9.229710833667195,3.8173264291050066,3.340494900644661,3.0672229338395804,0.07224701483536367,12.938178737759689
p31_t1,9724,0.0,115.4296205940086,114.08196941477158,4.690426552585878,3.3805263091947126,3.8391123292629645,2.828141460065346,3.7153033292540028,2.7400916671072966,0.002365281777046535,24.782978843591096
p31_t2,4632,0.0,109.84770127405173,108.55238070667274,4.461046072374825,6.470646459702102,3.595749340079719,5.563246010822894,3.5655368166337285,5.553457338121668,0.0006476683937823857,26.185180906363797
p31_t3,10114,0.0,136.28704889721647,134.95624864664083,3.967199413279337,2.9838869343390364,3.733290890202574,2.6147725573323823,3.510005482806375,2.556518257371665,0.005734625271900384,22.92933713480054
p31_t4,6935,0.0,80.88581305143106,79.94175283895345,5.048875449432726,3.4325375975467165,5.837041788202236,3.8280986176653196,3.1801906211937867,2.7169527268498825,0.12025955299206925,33.50973701746013
p32_t1,18217,0.0,174.9209853931625,174.4697855784004,3.7211704994256904,3.1569988520525065,4.335407333411401,2.943889942340019,3.2970899751437726,2.0814292156159806,0.006916616347367843,17.632322966045827
p32_t2,7374,0.0,190.68391755759396,189.0890879260103,4.383408670779576,3.965113333206459,4.780258592938248,3.6128384645601828,3.832745733334126,3.441799071557504,0.013154326010306527,16.05199450486965
p32_t3,21007,4.760317989241681e-05,181.83190734386605,180.57701538573457,6.043471670453047,4.538166563748293,6.1441413843151516,3.9885593235370527,5.455702410626553,3.9073087590469004,0.01147236635407245,17.141988597191215
p32_t4,21444,0.0,170.71025429125112,165.57540006305683,6.102928429965029,4.376153185682379,6.136228425343944,3.889224842191664,5.422588774422311,3.6410272874881824,0.012124603618727803,18.274581691825084
p33_t1,6295,0.0,113.74574446537528,113.07508787829548,5.554431156047704,3.3459924039256186,5.0253508339487,2.6886527604526034,3.986018869040633,2.646662584339819,0.023987291501191388,23.692987467182
p33_t2,5769,0.0,101.44240106755308,101.11043205450903,6.055517909623316,3.7367448187225167,5.086958017062213,2.905185458298562,4.474964387481914,2.887659869411591,0.019414109897729293,26.50582835804221
p33_t3,8018,0.0,107.45788328110594,106.97684472328214,4.596389224513284,3.5059631530851965,4.322954356582488,2.8520090138200276,3.423807704105907,2.811154641022276,0.01708655525068592,25.182103210975516
p33_t4,10157,0.0,108.81030757951622,107.83355820837032,4.80289632493982,3.201745845704887,4.432742433887565,2.6330488053847385,3.6065018669671995,2.6251284404287207,0.016244954218765373,25.686289891695107
p34_t1,8042,0.0,124.46987280496906,123.70455546921391,3.521989779654078,3.012231974216685,3.0591047700061846,2.4875531726654905,3.0554970536904182,2.482730622501773,0.00012434717731912848,23.56585153253881
p34_t2,7157,0.0,128.06200250888477,127.70240842595103,3.941874310003353,3.433678787405484,3.451724992988386,2.847255725475786,3.4462055105658758,2.8342807806328096,0.0005588933910856131,22.794173346591585
p34_t3,5929,0.0,134.9883102972781,134.34030679981822,3.762369548033459,2.9981103400302547,3.2599132964329187,2.5539695590725895,3.255555483718677,2.5485197808691624,0.00016866250632485702,21.725126796636488
p34_t4,10736,0.0,122.28580243820278,121.05356735407906,4.365332106028109,3.600540944282243,3.739959125408835,2.9319175942611935,3.7354276283674968,2.9063068062290913,0.0007451564828614421,23.41545723975551
p35_t1,6905,0.0,83.91842891410141,83.28075759233812,4.401629492092343,3.011595992480457,3.941413631571716,2.5753690157004825,3.302684158923186,2.3490322675413253,0.014627081824764687,31.655514527346647
p35_t2,7045,0.0,77.46706865128402,76.97256870244749,5.0506017648850134,2.915294922739869,3.912570135002301,2.3583497518957057,3.6269358675047005,2.287971725349215,0.007948899929027697,33.94349822623343
p35_t3,11325,0.0,81.7688661712068,80.96676525834533,5.135026931177172,3.869742662337655,4.047184334309653,3.1192731594871455,3.8116966172440048,3.037364304639891,0.005121412803531955,32.3439535967829
p35_t4,8324,0.0,82.02849781210364,81.4203362934461,5.021273481700706,3.0683319145599075,4.203371973568758,2.6134892117717152,3.6416571735848877,2.467797344986448,0.013094666025949109,31.913543544425405
p36_t1,7061,0.0,59.185505199556346,58.47683875332853,6.94540591040677,5.448303692817467,6.209178449831823,5.199193672701202,4.473036996702063,3.1730573973621192,0.03243166690270505,38.51136299894348
p36_t2,5762,0.0,53.418496818414056,53.02927404296126,5.920368864750026,4.512045300238501,5.178478990030948,4.483549567465353,3.862885319546686,2.827185071569354,0.022040958000694166,42.03656007613076
p36_t3,15252,0.0,49.15788011296884,48.05751032970484,6.8809877885020185,8.219934793348395,5.39005865688948,6.3073264724080556,3.9877656668282113,4.955331525981524,0.025570416994492473,43.57259989276173
p36_t4,12490,0.0,51.465751450909615,50.564038167341444,6.22902150830911,8.67209584631962,5.3762444060264425,6.62728242996786,3.6020590562081227,5.636083755734805,0.021777421937550057,42.159380115376045
p37_t1,3789,0.525204539456321,2210.3547100069463,-537.94281170317,90.29294340155622,14.05584405238895,7.967956228804964,4.179451538663274,2.61043003900169,2.7904512490756184,0.028239641066244436,13.161406060641502
p37_t2,2496,0.7980769230769231,1349.2290690143254,-1064.379701455945,72.27054512191229,10.684910233101334,7.2249003238383995,3.8443534593755864,2.5971880919022836,2.4880411110729495,0.02163461538461542,11.972064564253891
p37_t3,8428,0.4855244423350736,1741.5044945250777,363.1181169196552,89.78123487400472,13.861023520517218,6.110367366654987,3.3897718610836787,2.491106341967605,2.492736150771701,0.014594209776934042,12.663376319639893
p37_t4,15307,0.43698961259554453,1106.2950472169262,484.4873289791056,102.08435201679244,15.727766574840723,12.936658269656952,6.73713538033912,4.764725045539051,5.574969163906539,0.03834846802116676,16.195762823652245
p38_t1,13953,0.0,111.32444539421624,110.74522863207493,4.642048395246512,4.341464004761666,3.8873920721259925,3.8588555723563904,3.77514019636211,3.7800919887083864,0.005375188131584552,25.20551471016686
p38_t2,6815,0.0,128.50862316762073,127.60669634071807,4.1716783279131455,4.922768830713445,3.71000307903413,4.303567165451585,3.4461852571098444,4.277190801777656,0.009831254585473181,22.1824459307962
p38_t3,23742,0.0005896723106730688,108.97141316073046,107.57072965989028,8.03211952195045,9.0502729815304,5.917369456513334,7.9441651950903145,5.5193844127511955,7.4285646198366875,0.023544772976160422,26.40249396256996
p38_t4,18205,0.00016478989288656962,120.24341191352748,119.0614608194176,9.398775442660487,9.49289978563121,6.862394189044342,8.706747777866049,5.832028807112141,7.522013075896249,0.0498214776160395,23.405454538826163
p39_t1,7735,0.0,95.71008125772694,95.12774961771233,5.050385869682097,3.6895620211205205,3.9538961654301783,2.9894636663479974,3.8980583315123454,2.9764124822424347,0.0007756948933419494,27.965600527760536
p39_t2,11380,0.0,133.45976604354172,133.11293688266062,4.760650364742662,3.8318990619184325,3.9190152140503836,2.8968650923204136,3.8598078081257694,2.8787348592895334,0.0014059753954305254,21.67346132402916
p39_t3,13669,0.0,99.92103883148575,99.07329213213612,5.239897654274295,3.604772442967697,4.350475202398395,2.9827719677502382,4.034856031514583,2.84685813367781,0.005194235130587477,26.132894930849453
p39_t4,7818,0.0,112.49002983955879,111.67239237298989,4.44575000480858,3.507509610502385,3.663848925383651,2.8492319640397703,3.5332159179787705,2.8202296532848004,0.0021744691737016764,25.599895767882533
p40_t1,10981,0.0,90.55053010411467,89.8804291510946,5.229779573232241,3.970455078512069,3.960344697415126,3.6554202227377477,3.9051749853442796,2.71404643403494,0.005646116018577563,29.29244269028146
p40_t2,9650,0.0,71.34036846194049,69.9411005405523,6.403521869587726,4.88138222155042,4.533270352952839,4.195007201447945,4.415844675866022,3.6732852393095157,0.0061139896373056946,32.06305348244301
p40_t3,19319,0.00010352502717531963,88.51663670458481,87.35578618983322,4.807866871741469,4.3890407274152095,3.9971652833575093,5.4559714900049165,3.146650998137635,3.078153937823773,0.021222630570940537,29.709506009635035
p40_t4,18514,0.0004321054337258291,84.94155569344294,84.14998995023552,5.981948821908341,4.188895006743489,4.614396882216798,5.392878200777193,3.5540530038147327,2.858020603322814,0.02182132440315432,31.071530325329753
p41_t1,17469,0.0,100.79342961771634,98.69876690756426,5.254894992723053,3.706421870029236,4.256138523720767,2.8995767218416773,4.024951464384539,2.880288771504479,0.003720876982082566,25.810911404505624
p41_t2,15281,0.0,104.67047520698277,101.68783525561705,4.881688769567179,3.1038537679440066,4.014120561245939,2.5293856407871638,3.8910386970249218,2.5067666976545193,0.002421307506053294,26.241874149712885
p41_t3,28994,0.0,95.70292041462878,94.26892207704327,4.808692519299373,5.098444054977601,3.848150270959167,4.290605887327981,3.586517063136954,4.205933228485115,0.006035731530661503,29.286954929901285
p41_t4,21155,0.0,101.85121895911277,99.60634972454068,4.769519913195785,3.4772110777691267,3.949063623107877,2.8009296473770915,3.726445150755512,2.7934083914043026,0.0031670999763648844,26.18842614816566
p42_t1,10415,9.601536245799327e-05,76.81034279019715,74.41853079459676,4.0515094830045895,4.115782590370233,2.6398824184067466,3.1019647766682104,2.6100669985863294,2.9933589544904624,0.001728276524243899,32.030349700995245
p42_t2,6516,0.0,80.88906801713458,78.51402448732578,5.043795710237099,2.886101135541059,3.659716005889976,2.136085368850071,3.646634948584999,2.112292225928103,0.0010742786985881159,28.613692085561624
p42_t3,17106,5.8459020226820995e-05,74.30087630057186,71.53775266338704,4.364373028366827,2.924255819841048,3.0059694754530404,2.0160937427411785,2.94994725829101,1.8936169953783233,0.0017537706068045944,31.373722210990465
p42_t4,10231,0.0,62.02527313023418,59.19222311622249,4.5467881473141665,2.9342293318437225,2.9565293872550003,1.966684463234321,2.91292310079646,1.8253276783461525,0.0013683901866875514,36.03047854721464
p43_t1,7824,0.0,45.46638463060584,44.73868046546275,6.389538613327586,5.886645791874937,4.740006599120892,9.384585379376365,3.4172769727173247,4.197835487829448,0.02722392638036808,47.11207161412356
p43_t2,7743,0.0,40.350300758475385,39.93138498655482,6.6064871735135595,4.158894315291703,4.788616340017758,8.936749110312928,3.517774373088854,2.7397616256266772,0.028025313186103573,48.42662149927534
p43_t3,12117,0.0,37.36755174054583,36.79815665253823,6.038824356483881,5.611666565277651,3.5167678855185116,6.794513536306919,3.080952705155943,3.718746635688351,0.01402987538169509,47.81960357967056
p43_t4,12550,0.0,38.09551319714781,37.83066357882894,5.90986426463076,4.215999134704891,5.723520027998362,5.920969519489508,2.665541886569688,2.791027190145274,0.010119521912350549,51.195048302690964
p44_t1,6357,0.0,93.53083879814184,92.93355135981082,4.354666520371862,3.5612509771299146,3.2599027381263737,3.1016624416902783,3.2536153057096673,3.09413192284423,0.00047192071731949614,28.68732228981861
p44_t2,8292,0.0,82.6240533192005,81.94048627605449,4.989444262464487,4.078433214378017,3.7171834873159053,3.2387288767953457,3.6919235518830336,3.206014218795835,0.0013265798359864966,30.859228859284457
p44_t3,11912,0.00025184687709872396,78.86094604038047,77.8899273650917,5.779537589598958,4.272370550963225,3.938160930767864,3.833779988274069,3.4707513017088236,3.199774003336477,0.016789791806581578,31.77503789598459
p44_t4,18744,0.0,110.82656336571436,110.60573090834012,3.2706107674592837,3.042250830141841,2.477384184691454,3.529089368714486,2.2716835932500783,3.2422558208246914,0.012750746905676458,28.584854765654608
p45_t1,16800,0.0,122.1741576554343,121.73974859174662,4.6328789499566305,3.0554376878438045,3.8099647562364454,2.5585881744848034,3.798617864538945,2.5468057970795197,0.003154761904761938,23.34310741525985
p45_t2,8523,0.0,125.04223185953043,124.439735649209,3.995805600549684,3.3736358039054135,3.302907835161793,2.8432041323632746,3.2846828113855913,2.840227816939733,0.002933239469670279,22.951781880085072
p45_t3,17066,0.0,123.13342678559142,121.93757775425941,4.716733504871275,3.1167981786994075,3.928156948172065,2.632564882440008,3.887697152640566,2.597697260781097,0.0054494316184225955,23.248488524223603
p45_t4,9819,0.00010184336490477646,131.6996855994245,131.0230083895912,4.81744348996714,2.7158997513871723,3.8162333919640186,2.320802467749316,3.7726181843933864,2.2772855225237727,0.004379264690905438,21.54615330593345
p46_t1,5923,0.0,105.94199840570889,105.75525736445758,4.173539667290672,2.760644550536359,4.64618263392451,3.583721768377051,3.407185857365174,2.2154714964624356,0.016714502785750485,25.954006676663408
p46_t2,7882,0.0,114.77169808785565,113.49228103489548,4.238663521147802,3.3364828727478124,4.290236954593072,4.074509251146557,3.442353458138792,2.722379680883577,0.006977924384673928,23.95005764484036
p46_t3,9570,0.0,101.08792632100412,99.86876750080232,4.691577615894107,5.614864736539054,6.075447847703803,6.445250809264554,3.39838188758454,4.042654598733305,0.031452455590386674,25.233689852877898
p46_t4,10333,0.0,103.57690513569429,102.8318911780328,3.1689133388781388,4.785573704137135,3.9419648091738995,5.033230342111037,2.5510046052855997,3.8530827273722035,0.008419626439562622,27.508036299374588
p47_t1,9940,0.0,178.64826202378066,177.40006355136032,4.078155775633213,3.4322264498145554,3.8494318922691515,3.02829971968814,3.635468439091654,2.9647152708978077,0.008551307847082468,16.736557985175814
p47_t2,5424,0.0,216.28912815313709,215.2866547989232,3.6992980182241335,3.2561824191131223,3.370257027974679,2.878717986642078,3.3646541723470165,2.8747412106448946,0.006637168141592875,14.168476431728982
p47_t3,17738,0.08552260683278837,199.69965455072438,195.40881914435005,47.14495227682487,6.93354582070387,8.675813751640876,6.613114563613392,7.011567481425062,5.962314900592692,0.08349306573458115,15.86244127046578
p47_t4,6430,0.0009331259720062209,217.53548163664072,216.8421382106705,6.376345122147468,4.815475326965142,5.531369205252369,4.7140158452860685,3.4348086444084522,4.252419165974968,0.06734059097978229,14.361442748274891
