participant,task,fixation_rate_hz,fixation_dur_median_ms,fixation_dur_sd_ms,saccade_rate_hz,saccade_amp_median_deg,saccade_peakvel_mean_dps,saccade_vel_mean_dps,saccade_dur_median_ms,blink_rate_per_min,blink_dur_mean_ms,pupil_mean_mm,pupil_sd_mm,gaze_disp_x_deg,gaze_disp_y_deg,gaze_entropy_stationary
1,1,3.0172150309546897,229.6762500004661,185.1290764198965,3.2242788075888353,2.655675438515436,152.09017615089218,105.92089978350016,28.08499999991909,3.5496647422996355,208.10199999959875,4.310973970578762,0.18026624225339943,4.3772891375269305,5.107214902004296,0.32568690651491
1,2,3.4404526456099305,203.40074999921853,155.46605030202412,3.5106659649080925,2.7608505331906583,151.21987591495483,105.72494441300421,28.191500000502856,0.0,,4.391208244094795,0.15097498358141756,4.487591416508273,3.1967141978628835,0.3605919137384826
1,3,2.156202234520011,216.371500000605,427.510383272633,2.226208800575855,2.952665406082182,165.62536057975225,108.31075888542321,30.037999999876774,10.080945512041609,219.1780833332662,4.371817698682849,0.31371246942293385,5.02626631488739,5.135624990081392,0.32509740347988286
1,4,2.5419517692691835,210.63200000025972,379.67555526152734,2.4895403925832214,2.6383814485820314,166.53892341193466,112.93265375126299,27.97649999956775,1.5723413005788767,248.1339999994816,4.705466931329595,0.30335715949909037,4.418956440416208,3.574104429007665,0.3830838975766459
2,1,3.4254831826679357,199.2329999920912,229.5554607327037,3.401528754817111,2.653795783511457,152.60906146250895,103.56203537163269,31.967999995686114,0.0,,3.575982151449281,0.13697164595418518,3.5532309076720088,2.7111230101018924,0.3216677742260465
2,2,4.036479257287951,171.96550000517163,114.25265560239009,4.070399251046672,2.730469833883528,152.82392618586954,104.68566676188051,31.888249999610707,0.0,,3.664604600217327,0.19500810745307007,4.254558529967338,2.726228337465915,0.35861582824586424
2,3,2.9024759630671997,200.6799999944633,157.0910369318521,3.02142989597979,2.5342490354779232,154.2136157059319,103.3496371344137,28.722500006551854,4.282341584853246,369.2966666664385,3.551260008413059,0.17339304151693433,8.8479418178315,7.442938265023901,0.3956130394258845
2,4,2.8967783917717687,193.0430000065826,225.9136783975683,2.9171782396011476,2.578522272798886,153.64362286438518,105.11329745958085,28.18999999726657,9.791926958101755,257.981374996234,3.744997285146813,0.31948139130465814,9.90714795705195,6.034715885982728,0.36106838871079777
3,1,2.9045671177210584,224.09300000435906,228.04721347545703,3.164325152639202,2.130078912982232,155.95350091534453,112.64752816824777,27.97774999999092,7.084310043222094,216.37719999998808,2.8109721283297744,0.1330792108146065,3.722718212263233,2.5300844276057055,0.2766801281082057
3,2,3.1732826114068278,222.50599999824772,182.15477052052006,3.5505259987768705,2.1257023663006827,157.75882343489656,106.28808914515176,28.285499996854924,3.994341748623979,243.86733333327962,3.180723205682857,0.16278806824900469,4.055367482648404,3.386002947738568,0.33031529979397195
3,3,2.2948897987863752,198.34499999706168,388.03946148467645,2.4678714419109764,1.8199803079550732,201.7600512385313,146.74681705477843,27.223000000958564,11.762751732472879,214.65811764766622,3.1362885543491146,0.3083347739197172,3.551134370266437,4.392447898257353,0.24014148318294834
3,4,2.955579244115499,192.27549999777693,310.145415128813,3.1814833901625437,2.494354960335581,183.31160709101152,132.9685550492466,31.98500000144122,7.906645111646558,228.2541428565829,3.418403858348288,0.22466793190604456,4.653997414781004,4.88520100026391,0.3460036030391906
4,1,3.7530349565664265,199.01450000907062,118.5304214932598,3.642651575490943,2.8794994830106613,179.91107547440467,122.67593718044685,34.27174999524141,3.311501432264494,160.055000000284,3.174442683177009,0.14308935573124423,3.830828834163391,3.2027865044294845,0.3314826400498428
4,2,3.4170310075979193,194.62924999243114,153.12156496522906,3.8337421060854706,3.3163830573562088,188.44157480899077,126.28151921333917,33.49575000902405,2.500266590925307,292.2180000023218,3.198661511000185,0.20295752571031397,3.9382605326283797,3.030720749451527,0.2657791045150904
4,3,3.1921089963304343,187.87799999699928,178.11247647274055,3.3298978738698777,2.93292443778692,165.02522552791473,114.20959068407817,32.06800000043586,26.179886732494207,269.84763157624434,3.1304643796204017,0.15702515074083692,4.194986545267848,4.638267311035567,0.3615992130870574
4,4,3.1793674265110794,202.1619999941322,137.79665895757554,3.428729577609988,2.4615442152738627,187.87857821595102,129.17709487536035,28.279749989451375,33.663890398352606,223.43583333228403,3.3710689824295206,0.1285698121511789,4.528097325735446,3.2848364641386127,0.3386160937622659
5,1,3.5045020140895065,187.67025003035087,161.97196721257976,3.7019387472776475,2.4156165285866256,143.15712104845113,100.63795024176457,28.004750012769364,0.0,,4.06102483480851,0.22214510084070124,5.569365715476238,3.8655832976068876,0.4026153355127326
5,2,3.773347376904427,189.38849998812657,147.90166965498778,3.8508819120462987,2.357104211533248,158.7725429903395,108.76553976731061,28.282000013859943,1.550690702837436,176.2759999837726,4.18650281916264,0.3439111536820956,5.383610884470013,4.287405095793154,0.41917814153152255
5,3,3.1910102540030363,195.7762499951059,197.01442480978375,3.649717978015973,2.408104811464904,171.6202865920701,114.68073204177752,27.626499970210716,15.556174988264802,210.28084615290234,4.613446951707963,0.4363042663839748,7.254993336655875,4.109977550365424,0.4403493992856358
5,4,2.7731116077173192,232.29850002098829,201.01887380982717,3.1206371033136073,1.9701493002300334,152.7366108787416,110.61665226577969,22.472500015283003,41.27751804837545,212.20311339969805,4.600848273107381,0.5373116478325796,5.191810315010754,5.527672210257253,0.43921654790204306
6,1,2.7623912002665167,217.41274998930749,258.74984824585545,3.1369527189467226,3.7098729072827394,180.0539172498353,122.42222609422655,33.716749981977046,4.213817085152314,183.94700000256566,2.317337000225494,0.06309268555605183,4.500883887415024,2.966738226528514,0.3218859046867319
6,2,3.2905148953202588,196.79149996954948,186.08310911936977,3.2130910154303707,4.1086055662971415,197.4924942523202,127.80197640267417,36.627499997848645,4.645432793393307,186.983999985386,2.3536686671943348,0.5895746737859148,4.206104590543131,2.8170944570536927,0.32331606225307025
6,3,1.3775540766535461,120.23574998602271,119.90332506478984,2.5431767568988546,0.5264740059228412,153.98480619558455,120.44720165358035,11.904749990208074,10.172707027595418,234.37706250115298,2.9680631419273986,1.026046547322137,20.764025606857885,12.604882917055464,0.5505301186760098
6,4,2.1574708017023085,146.9435000035446,190.74786178726097,3.480299614424892,0.8705696879868279,194.33679139632463,149.11041798783882,12.022000009892508,16.062921297345657,233.34152940900344,2.7122558159766,0.49211528656107084,5.616964730618402,4.287695688078926,0.39819543732655954
7,1,3.807244700181788,168.21550000167917,120.3643005312472,4.371280952060571,2.184955449581762,185.8082796264795,126.81159518428014,27.883499991730787,10.57567972272719,217.75180000113318,3.3627743720476775,0.5265265248126229,4.4703414899500045,4.295377667847424,0.40690670810810814
7,2,3.8842453038162104,140.0615000165999,146.0355839608963,3.1194716170544696,2.2301405740892757,203.61731878048306,133.01266776494325,28.582500002812594,6.037687000750586,201.87039999873377,3.3732295302047586,0.3505228302402231,4.852587453355033,3.0751348354384005,0.33686742289017596
7,3,2.980035607950859,199.3955000070855,231.07810044989026,3.0166004620361457,2.1707055489702385,194.7747858871329,130.57192167059557,31.989999988581985,16.454184338378976,178.98093333157397,2.9587991387113677,0.3476938857474588,4.354438394120426,4.153163048273501,0.399227457611172
7,4,3.2313383014033437,187.99700000090525,195.72148445508284,3.2533201946101693,2.941528746158233,228.9434973984342,151.19402897338597,32.059000004664995,13.18913592409528,169.83849999960506,3.634487478878357,0.5923784386781565,4.629260973595857,3.338572473895012,0.3765277707418584
8,1,3.5563320573107866,182.0925000065472,188.45662564713945,3.61511440536551,3.2115235230280783,190.00938517379083,126.47159193992341,31.984500004909933,0.0,,4.005991336566153,0.26705336561400606,4.090687357769677,2.990437736634297,0.322658112623656
8,2,3.6113107596755394,191.66350000887178,137.61714536035043,4.143209243658759,2.234982271019823,192.74149233548275,136.08188526071757,26.41474999836646,0.0,,4.048449220970183,0.2934473519553554,4.126514466115003,2.9711590755377006,0.3596032673623262
8,3,2.77915624816213,234.2380000045523,185.13580873730567,2.939107686905274,2.1149872497961315,165.55898264340453,114.34328561859672,25.95350000774488,22.793080020898042,205.8779999972198,3.7406685666422135,0.343270496698854,4.817696341205045,4.098175444992031,0.3494268188620588
8,4,3.0205913052619695,218.19750001304783,189.3407012836133,3.1373291334846543,2.5840183687199114,237.7415195669474,165.7024580650097,27.826500008814037,15.759606810062449,219.60966666746467,4.2410176764818015,0.23171745472770414,4.212189452680027,3.851390765887182,0.34910379577055023
9,1,4.973593512220655,114.53449999680743,63.679466277926444,9.486059149136084,0.2676603901539202,108.57511627337105,78.30827386000007,17.057999997632578,3.952524645473368,169.10899999493265,4.0125970736466945,0.20791680241285174,5.3625460950807975,3.627106260774515,0.38732094035337994
9,2,4.107402661403762,149.24800000153482,102.76507199544528,6.0506899420679074,1.093238571886595,121.34179568208967,85.50607423592628,23.381999984849244,5.299874401811307,141.7890000157055,3.6092613315644075,0.16883945559938301,4.198642878308411,3.191158583846136,0.36392656440052734
9,3,3.3202088706860735,173.82850000285544,151.4132325399236,5.877881732793527,0.34889867592320517,108.32827667217583,85.90563482135083,12.375499994959682,18.110230203742216,189.97184210456902,3.1027762302105018,0.8019191058918947,37.9915289950966,5.495669905086986,0.38384892890978706
9,4,3.898686697396732,162.38999998313375,132.0957953892566,5.213628364566044,1.2480027611456457,142.0989446024751,101.25143661104207,27.996750010061078,17.993938603369532,163.55846153993085,3.519809591499652,0.190846212588332,3.8155776302535744,3.8329938108553514,0.3782686461681109
10,1,3.773808275022645,181.61424997379072,151.15524460523116,3.948521621088508,2.3977397665938462,165.172401007135,112.73790540799881,31.646499992348254,2.0965601527903583,252.43399996543297,2.975395743769288,0.16319649731111535,4.173088623117092,2.644698895172301,0.24278690365157773
10,2,3.7224078863274532,173.69250004412606,165.0533127607955,4.200515321268594,2.1938722505189996,222.63507294147774,142.61659958635062,32.08550001727417,0.0,,3.5979059186830074,0.15503565507421435,3.9959612614562263,2.6433915771782948,0.3328310895769257
10,3,2.453634854415738,195.7475000526756,229.38605436399502,2.7646589908909722,1.5845526140127597,202.0549741983975,145.93448978442103,27.7195000089705,41.469884863364584,235.81980000114223,3.6320352589705456,0.38696237717274334,8.991896194511707,5.544325072865293,0.39485310649111166
10,4,3.3897351260968596,159.03999999864027,165.19418789122642,3.659714029945282,2.3618079792711066,192.1108838425315,136.70943966615607,28.52925003389828,30.59760910282121,224.52194116639845,3.8919640488035547,0.3445643777914225,4.1342385322336845,4.358669479286792,0.3535778827115295
11,1,3.2039494355751343,202.06499999767402,195.01276016711964,3.3904226831482904,2.643685211930028,179.6460132193205,115.63008279415298,31.257750000804663,13.222648464278333,177.24061538445733,4.124578337661536,0.19200780074017665,4.872253201088178,4.669223096676155,0.3989335865837176
11,2,3.8327681796878528,199.8982499990234,91.06177190478417,3.90121046861085,2.94251605731222,169.26357002997133,113.21331589338568,32.009750000725035,4.1065373353798424,271.5800000005395,3.9167319784006893,0.15524479921609938,4.231412453558695,3.81720105322022,0.3750752139360715
11,3,2.747879007483439,233.20249999915177,225.67315120913858,3.0492592857235583,2.393065486281474,176.6515007351378,113.22750176443895,30.61275000027308,21.80574954325568,194.73517073175768,4.262527238741024,0.27273265636091676,7.096249686515429,4.92216676056882,0.42285816812044463
11,4,3.059672656748471,208.09150000059162,172.98797002590288,3.3749116577467984,3.3387414202057246,189.227930091354,123.5213714628558,33.865249999507796,15.576515343446763,187.28928571421676,4.344175726460388,0.22566511736993508,5.617505576100101,5.597041980646656,0.3883076712291335
12,1,3.5442203512681547,200.26974999927916,141.42901462383216,3.468272772312409,2.7973273320783667,164.33848290674825,113.48810069638071,31.37649998825509,0.0,,2.948921354440435,0.08552111149397042,4.177568691545588,3.2534930328325027,0.3331457499128232
12,2,3.4707950385310897,206.05025000259047,125.17225158768177,3.687719728439283,3.2414629646364923,187.8057345653572,127.39064279191004,32.059499993920326,0.0,,3.1526296511766967,0.1069938846554337,3.8136856365417886,4.562555199973801,0.3361441230673075
12,3,2.2448153552142056,253.85749999259133,353.08828897669497,2.3987455510003226,2.2906087999567557,202.17317805836012,141.73918302816728,33.86549999413546,12.314415662889356,190.52537499919703,3.211407727576462,0.1225285657461957,7.2633457084768045,4.584159363365068,0.4452941825708059
12,4,2.1827050426563672,239.89450000226498,372.9054245634378,2.1536023087542824,2.7500906843176653,168.95750370837985,117.81182117910808,30.331000001751818,14.842394290063297,197.41576470465475,3.0232167624669417,0.26151719237686516,6.533743993273962,3.600273020189275,0.37413743668208044
13,1,3.379593245708812,220.02099998644553,134.53050060108126,3.345282654381819,3.5197368038980854,179.1701189369111,117.086763205807,33.88250000716653,2.0586354796195807,204.12249999935736,3.9531914371969377,0.16199531207167067,4.9347629852655395,3.281228553630229,0.3211069792468314
13,2,3.6029446539127825,180.04549999022856,144.9054241544005,3.9668784573383165,3.8283658318575906,201.05991338175323,130.10726299005904,35.926499986089766,0.0,,4.3254479461057675,0.3919054741568993,5.439477011120512,3.7608819616376636,0.4446175593374055
13,3,2.3316505181201874,225.5020000084187,242.85313808246028,3.0843880869621376,1.7917389482160417,154.52448407760642,106.21771982788174,27.321500005200505,18.726641956555834,234.4063823526513,4.288792440540535,0.37856870133580656,26.508268565061698,4.213288152616364,0.40485381359107836
13,4,2.944563598306248,181.6152500032331,166.3702635994452,5.47504794060068,0.7336569268858557,141.69274740730964,95.68881537093432,20.226250002451707,6.901320933530268,210.7991999975638,3.9432099471846276,0.3350099873766644,4.456300277537342,3.256137271929223,0.40239980440910167
14,1,3.0403600715937245,239.9544999934733,209.98194661898845,2.992605724919477,2.754770790683353,156.9557874242372,106.7194475470308,31.25949999957811,0.9550869334849396,191.5790000057313,3.2483127481920064,0.20704574296348016,4.831614551032862,3.1528824153304047,0.3706267717208076
14,2,3.023344475287817,240.20724999718368,208.47853190365723,2.9535749873965593,3.1450969527576187,165.94590742498383,112.81263486406095,31.84549999423325,1.3953897578251462,175.8220000047003,3.20574366905088,0.44770847473541264,4.479592801245448,4.124893860302067,0.3636225082196563
14,3,2.4574324456925214,264.0910000045551,315.6064004458319,2.4112111457735397,2.704342323657505,169.14196120904577,112.34910501273302,31.47250000620261,0.9244259983796318,302.0350000006147,3.251534483640958,0.20223842921834045,4.416100311560632,3.5103072436272647,0.36749436997742274
14,4,2.585277177813072,205.5054999946151,242.67184557507096,2.683452260514834,3.2536937835350193,218.65029155011214,149.93626756007436,30.544499997631647,8.344882029649789,229.18058823544175,3.488590787135809,0.2453001971349005,7.114852228453026,7.5919241888811815,0.43233734129012374
15,1,2.7795086427554248,231.60075006308034,180.64055822667527,2.679217093790023,2.2708165896618935,146.69362278779013,102.86443793706913,27.74900000076741,25.78925544824621,217.25666666170582,2.4802014504923853,0.3040929351296931,4.701003506542142,3.175484181498977,0.3368795406677875
15,2,3.3602781618094943,205.95449989195913,135.4702729009719,3.260467919379509,2.8528172656930906,151.79476240631047,106.53069117854629,28.091000043787062,15.969638788797598,191.41462500556366,2.620602187291078,0.1592708742466701,4.382324487977444,3.2355177877747234,0.3611282711769091
15,3,2.567745313707399,247.09499988239259,196.98699710254516,2.347652858246765,2.861896656382643,161.3460250781343,107.74645256867075,29.416749952360988,32.28022680089302,216.16613636301318,2.539470430234189,0.32703290092994075,4.014512412884085,3.875518615842164,0.36412755843835476
15,4,2.535671991215686,224.04949995689094,160.99500472545225,2.495423229450358,3.6004645309041967,200.65975403660536,136.09546597513454,31.38500003842637,33.003984647569254,220.07343902752345,2.8816256933558835,0.4627575366840125,6.184849381589457,5.552870187823488,0.441226571308961
16,1,4.034394277787448,168.28850004822016,116.55246223949146,4.590862454033992,2.955138374303721,206.4513381220711,136.72409781392636,35.742999985814095,5.564681762465446,167.5195000134408,3.320644075639769,0.25631920532404223,4.238579572316649,3.39795845140955,0.3502877323309684
16,2,4.006021815976961,165.5494999140501,122.48959481273297,4.636182551074461,2.8037792769015146,232.16376135383734,145.94802237778413,30.404500081203878,2.7006888647035696,124.1830000653863,3.715955389418716,0.2917810251585242,6.39828755986553,3.4815201540239666,0.38926365058033774
16,3,3.2251291463770007,195.0970001053065,219.18157451119282,3.5912248873170927,2.9214246761011298,195.72239820001542,129.3471012259211,33.71024993248284,10.459878312574057,198.3905999804847,3.287931092818281,0.2576861689034491,3.7927913944290292,3.402574089883271,0.3852702931019775
16,4,3.5301104908625365,168.0019999621436,150.3404781865017,3.91174405744227,2.6186643469918165,184.60961474341408,127.10187120925447,29.332999954931438,7.632671331594674,161.99699998833236,3.175030197835678,0.30809618597896954,3.5067323642248134,2.8373118111525373,0.29151685667648947
17,1,3.3315761252358294,205.58900001924485,203.3213617967474,3.2839821805896032,2.420322512541688,158.23221477890144,108.95417233851147,31.344000017270446,2.855636678773568,184.386499924585,3.02069740658299,0.19641519498600715,3.929846289335155,3.690576953906492,0.39189523628438533
17,2,3.864078602216578,180.23649998940527,109.72266000893057,4.150306646825213,2.8375529697388058,170.98381835925537,115.09037659636573,32.73650002665818,0.0,,3.1860583199256007,0.1932309771060004,3.941626595393797,2.8944086856048123,0.3367833350483007
17,3,2.1360569509634977,214.60149995982647,206.55603342499091,2.4888003006638915,1.829905979651989,158.78828487216646,119.831154147586,28.135000029578805,28.219467976031527,245.33908333978607,2.958378348365911,0.23616602328980454,3.7594307613211133,3.5453225853787558,0.3902388745172031
17,4,1.3055339569042734,210.72149992687628,191.31389988688744,1.4360873525947007,2.2364049849785355,207.162950126369,143.24356892230443,27.779500058386475,29.374514030346152,228.45746669142196,3.4481129188832442,0.3227952891114565,4.395240586290019,2.905803848973245,0.3299992373011074
18,1,3.6284189031096044,189.79549990035594,145.55559430902366,4.03480182025788,2.1534674833496172,124.32371642744248,93.10504140216247,27.347999974153936,1.7416410734926098,220.7349999807775,2.804720547731865,0.13154350530203265,3.1367936397650835,2.7363785798298843,0.23341074926101682
18,2,4.24625617833362,166.05850006453693,92.38315745869998,4.509298596460481,2.9757212865915967,167.13224490609917,115.58793346800549,32.5165000394918,0.0,,3.47705698990601,0.17275541936752362,4.030936779206593,2.81167494652486,0.31987002221080757
18,3,2.718249741034551,192.00000003911555,194.9104984791257,2.953341610529431,2.3998348341422187,152.50200742452736,105.50654336914292,28.199999942444265,8.815945106058003,250.4827000084333,3.1384037752882676,0.22984838196387242,4.356825177167175,6.108229919282301,0.47639567399718324
18,4,2.5708555257695895,206.2999999616295,184.87509935239055,2.9044779985793836,2.9989267071235126,187.30236246468004,126.69831162151901,34.04999995836988,15.307384046567023,224.02223078713106,2.919242672720901,0.4227248330818909,4.291869653854487,4.794660234574269,0.4372075043565155
19,1,3.727140041357083,163.37375000148313,197.5809571823198,3.7863009943944967,4.164580581450353,202.58439908993597,130.6938027089825,35.92074999323813,0.0,,3.4646212836265438,0.1332893357147014,4.775457704427526,3.0064529154861526,0.3609795345117321
19,2,3.8355292812855613,185.07200000749435,135.03807562192537,3.996685973776551,2.976462366167544,176.60674699798005,117.07993330694907,32.20599998894613,0.0,,3.5043073857494607,0.17619022888935607,4.662485087676862,3.0709140650867246,0.36973984745383853
19,3,2.9201964397139553,166.89999999653082,231.81991578782504,3.4212952370613205,3.0559403020219804,266.98345701955617,186.53586006364503,28.01924999221228,11.404317456871068,236.92827273043804,3.9226043979496703,0.5438405036083088,9.228702814335668,8.359846134893987,0.5187767668322946
19,4,3.5981123846322056,189.0122499971767,156.19181850507266,4.054211137613753,2.9656325569819066,217.63121634628496,148.50248373396602,28.896749994601123,4.560987529815472,222.23333333386066,3.721033729647432,0.2137756509272285,4.427424756717474,3.5179885691641513,0.3651883149478443
20,1,3.8386408822795763,180.12075000297045,139.74077611523532,4.19407059360176,2.0465559489095746,162.26411924964475,116.31746650398644,28.579500001796987,2.132578267933098,162.7620000072056,4.010904613855411,0.27632438224604977,4.329321739659486,3.1661178044581875,0.38512745231935414
20,2,3.877346333273009,184.8970000137342,114.43992581686727,4.42209747100558,2.1762971397501083,174.9133632378108,119.52166414287301,31.95324999978766,3.845302148700505,221.28249999514048,4.112914612665374,0.3516488069156861,3.7302015453968966,2.5751142678649286,0.33053228646212246
20,3,2.6983820501223894,194.39125001372304,205.9110757139378,3.2180704449607758,1.8570890030730545,176.34695292459847,125.28010265720323,27.275250002276152,29.382382323554907,257.4145714286121,4.229178667983539,0.3666594203145257,4.805794704375132,4.286274506115064,0.38690307273577035
20,4,2.9258780508996547,190.52000000374392,161.38428054979204,3.742402158127465,2.6962624978199923,219.59680236613158,144.1186086347537,32.01324999099597,25.516378350869083,238.40380000241564,4.89122957799965,0.30688845174056734,4.71336336682684,4.151613835710049,0.42781862708970714
21,1,2.938270641634045,240.75475003337488,231.59354824463298,2.938270641634045,2.5788997866681838,169.16185251331083,116.47735798614849,32.789999997476116,2.7983529920324237,185.0359999807551,3.773066743466494,0.22366882245397945,4.511041575500157,4.38258017959507,0.3159508874846848
21,2,3.1321498452511194,221.3439999613911,195.62704100706688,3.059309151175512,2.445438765876247,145.1476864899397,105.59253852031247,31.092750054085627,1.4568138815121485,160.0580000085756,3.7162255835260307,0.2353517545723714,3.8805061431873535,3.1962558956448053,0.3355787490140172
21,3,2.332930001078205,250.70350000169128,318.3944311162788,2.4482459326904356,1.9828676213713226,175.23142463928053,119.31665481546169,28.128750011092052,23.418004573560687,208.3252727276307,3.969387171166454,0.24089984353378105,3.62525290158191,2.7510154874911166,0.34585071112745774
21,4,2.2480109495121514,218.4650000417605,225.21778249082433,2.2745622599394606,1.6435744627162516,232.93410225340088,163.87240616359665,32.79249998740852,27.082336635855054,218.65972549102142,4.202914971388002,0.573738299267792,13.507413933501773,3.9449130841598063,0.4008507979574005
22,1,3.6448543211236193,187.5555000001441,161.92856569639807,4.016778231442356,2.4321182300559787,198.40886258257177,132.28703440734336,31.590500000220345,0.0,,4.204864632007836,0.20176193305524986,4.53272526996449,3.333349721243738,0.3710336362443151
22,2,3.888021167164779,172.04625000022133,116.48795263636539,4.147222578309098,3.943041613346317,245.38424794731756,147.62450420586114,35.986249999950815,0.0,,4.588422600930539,0.2527242855462439,5.8156523955902495,4.513250729143275,0.47733970324817165
22,3,3.5423639810163294,203.22325000006458,124.3878385356127,3.9320240189281255,3.226567155164516,189.2024747367933,124.4955043700369,33.27075000015611,4.250836777219595,215.2830000001131,4.685981901788973,0.34002998769834153,5.586791679814978,5.886535898351572,0.46600739872577507
22,4,4.059976315113175,176.47150000016154,97.09704369830408,4.917471312701734,3.824987239924707,217.72426254593287,133.95847814297028,35.87400000014895,2.0999877491964702,188.33700000004652,4.9870023437237085,0.41739001205236786,5.949649697592796,5.538532416400244,0.5001008138720754
23,1,3.410782907192414,198.62749999811058,168.16298313059986,3.334987731477027,2.759965977450607,173.81887528795343,122.44478785483265,30.845500000395987,1.5159035143077395,168.1019999996351,3.698294041305461,0.2889743703442868,3.5840223550378094,2.780885340062052,0.3685353500331396
23,2,4.14092689513777,167.52599999745144,103.86755512221812,4.030502177934096,3.677655914046937,218.3706670302584,143.62835908199327,34.51599999971222,0.0,,3.9009311111953866,0.2641686513856339,4.665679526669878,3.4316923281087828,0.3034554774015957
23,3,3.2686928594959257,190.9697499977483,178.02520336052947,3.1976343190721015,3.625401434789192,227.49171262507818,145.87993908380201,33.78300000076706,12.790537276288404,181.95516666643618,4.21149512687222,0.21481542015216235,4.502415316472273,2.859979036257795,0.32177862922979206
23,4,3.103366647613242,203.87250000021595,217.23372550285396,3.0311953302268875,3.3937556238849824,200.63085990484367,134.88966719964728,32.5620000003255,12.990837129543804,184.96666666699943,4.130924783414988,0.25282703212130697,3.3598542693806746,2.7445324588009625,0.29968685099111575
24,1,3.2805061524883588,209.7970000031637,125.36625666971875,4.06434390573779,2.7255785358794515,206.53984636128803,131.64409294558357,31.958250001480337,8.70930836943812,232.5497999991057,4.2408505785087165,0.2233666637243416,4.910595838803069,3.6767012394437573,0.38854013827583805
24,2,3.9974867935310368,121.92000000504777,72.54974118693883,10.689908504049288,0.2816971177750218,176.50795811013444,102.97691335598614,12.533749992144294,2.694934916987216,225.1099999994039,5.190178170664764,0.2933788982721778,7.464694245553168,4.429624062889616,0.4502770487719232
24,3,2.700749302382187,196.66475000121864,116.49095951277387,4.1365907036486655,1.7334617133918493,228.6655853333397,133.20608953330702,29.221500000858214,19.48641901718793,215.29952631298275,5.290711305088171,0.5163515629607341,9.302073445143671,7.635135188137943,0.5524986167567378
24,4,2.8334402380777517,194.06924999202602,161.1397058034638,4.241727499265206,0.8044951659397063,191.22157389641137,120.84423497445103,19.746499994653277,22.262744727753766,228.89129545398066,5.149309171649135,0.30134241812224377,9.96645125570458,9.18781353159823,0.5989756007696383
25,1,3.679365731456244,196.91525000234833,130.5017057221323,3.7875823706167218,2.0108420919232985,158.86203313160374,112.24931154199842,25.028000003658235,1.6232495874071664,174.0810000046622,3.784838068584031,0.1939559588095757,4.5361149127610805,3.5097239423760827,0.317134399783734
25,2,3.872209754571653,190.41824999294477,155.2140101661522,3.956388227497124,2.4677214367479907,181.3623387067525,125.05579050604597,27.836500004923437,0.0,,4.040748344719524,0.17411757338098505,3.8070825640247627,3.0812718807828023,0.3097967107141735
25,3,2.4638026272352573,221.99674999865238,149.33424086293718,2.449803748671421,2.5979086910927243,179.09470947498036,123.27392364146206,28.035499999532476,15.958721562773826,214.7181578957794,4.551857190661506,0.2431075630588603,4.8583425563404745,2.573004680252639,0.32849269823569427
25,4,2.8461392403724215,230.81275000004098,187.7932833007875,2.6159368018128872,2.3254994264225566,171.56414712447037,118.99134606741677,27.728999993996695,18.83474497305279,197.93946666662424,4.162229525949032,0.19848358126014942,4.129135995275077,2.9303222493503456,0.3890539385072875
26,1,3.7116226363217626,190.31325000105426,173.3730404364322,3.948534719491237,2.635305879342012,174.1580405461044,112.3195040783019,30.399000010220334,0.0,,3.8764151749950453,0.1769264448611371,3.705000415094737,2.677287619519649,0.3159775616833353
26,2,3.9301470180330624,181.81350000668317,130.2830578739563,4.353393619975084,2.624529843059218,157.64694281493587,106.69586663605651,29.319749999558553,7.255656033291808,147.9807500072638,4.1536635546980625,0.19368308795400752,3.8158018828623574,2.7747142866464602,0.3209083710240516
26,3,2.983550195993691,213.71525002177805,222.90593259737994,3.308680666069927,2.300101075567868,165.5591247274246,109.72490385453723,28.029500041157007,9.180154449211358,173.60562500107332,4.652932062719835,0.21420754230446856,3.8412596652154787,3.139027710451194,0.35825807699757806
26,4,3.0534939112936477,209.22249997965991,213.04297481789723,3.2901988656574965,2.3723335864752126,169.22573170294723,108.54044048632929,28.28400002908893,18.462986440380195,150.65292307498072,4.309484332103883,0.17816285831316758,3.7522803404394924,3.01965292487881,0.3422235076238729
27,1,3.5475431248226563,165.91849995893426,204.23794516953348,3.6120439089103407,1.8752859087310887,160.1802717474682,112.99753445928516,27.84400002565235,0.0,,3.4838695653433454,0.2705065965896256,2.9071654478012228,2.7148966540003983,0.3512416811468817
27,2,4.019821512337859,168.2307500159368,152.02942725181651,4.3990499568980335,2.3967750069089933,160.71084827299862,109.75222239454546,28.30224999343045,0.0,,3.8718707019443506,0.2374363323554519,3.6979437167890974,2.983667459359221,0.32193400662797594
27,3,2.9986496402322333,182.7175000216812,172.40129914587405,3.7463848975652065,1.4526313865466438,182.22930874159692,125.35880675489993,24.022750003496185,15.72556623669346,243.64902941263554,4.028541546732731,0.20342053784821376,8.20946981487341,7.363691406923442,0.4862461608150916
27,4,3.406562621674835,192.04299995908514,181.04053513835947,3.448360936051213,1.9265809522714632,168.2965597311748,111.66975750761233,27.290499943774194,16.30134260678755,249.36930769427605,3.984494018928467,0.17536634621223876,4.253112142741208,3.777625782421276,0.4113177385982216
28,1,3.0259183232875393,219.29150001960807,186.8948566868999,3.1700096720155173,3.2836664703641745,220.95920500108497,130.27530925094229,33.396749990060925,4.3227404618393415,248.08600001657996,4.303756585216665,0.20559894411861848,4.690426552585878,3.3805263091947135,0.3939225406367955
28,2,3.7052149511003303,171.90049999044277,116.76218331514345,3.7566762698656126,3.9079569175996784,232.20504892850022,139.12455872035605,36.20249999221414,0.0,,4.342645361409635,0.19000446428093387,4.461046072374825,6.470646459702102,0.40212145486858814
28,3,2.5807679415422826,234.0645000222139,263.18861104946825,2.5585199420462286,2.7644947856065154,199.26913755181553,123.60514985742867,32.001500017941,12.013919727869249,217.64600000784003,4.281309450498802,0.26395477119259914,3.967199413279337,2.9838869343390364,0.3265724588223757
28,4,2.3323789866455553,196.33824998163618,186.65773677010344,2.840717996555484,3.103643074979823,230.19749082954172,130.2926536747121,35.216999996919185,17.941376820350428,180.3833000070881,4.591999707824475,0.6940384660838181,5.048875449432726,3.4325375975467165,0.3373478031972074
29,1,3.636710880254125,175.96775002311915,173.22913558391696,3.551475468998169,3.7455301399103362,180.3393059528172,119.91930257632043,34.031499992124736,1.704708225119121,160.475000040605,4.0208872017822435,0.16225449317513715,4.546487434269968,3.0770986817062282,0.3008374235935127
29,2,3.790686350081149,192.96599994413555,114.49550776411195,3.634369387191205,3.692891818285349,193.5207633440647,126.66302174153951,32.24550012964755,0.0,,4.250804984068114,0.2603538922336963,4.604349692816576,4.645475219393839,0.37941159412120173
29,3,2.681049041197824,187.79625004390255,166.5635874085658,2.842558019583235,2.871440381988535,189.46844918931913,137.6624028096514,24.09799996530637,20.350131276561797,234.68171430396893,4.395455667644549,0.2620291138257199,5.903364655743999,9.89056127801872,0.4743748538357173
29,4,2.480037442366368,199.91500000469387,278.29305220889063,2.480037442366368,3.1236227648178376,202.6598203622264,135.26652229811998,31.95349994348362,17.437763266638527,204.5152666745707,4.747194032093423,0.39304582676984284,7.520311175831455,7.844826521116881,0.46857505621718576
30,1,3.548910760978227,187.00899998657405,165.97270449129448,3.52908444387779,2.683178815745913,157.8250639720041,105.5369225295758,31.695499958004802,1.1895790260262213,158.646999974735,4.120451058069144,0.24105872455958485,4.652521282072126,4.352723370781062,0.39724292110756815
30,2,3.6425702575233476,195.70000004023314,119.70278461650314,3.5042448047060053,2.2824299148969343,144.22952728819087,102.15293092482145,24.619750038255006,0.0,,3.707731174463021,0.282547229891073,3.2675187792186,2.858076698864028,0.33830355143071617
30,3,2.8972942750008053,238.6354999616742,176.773617577967,3.0013886800906544,2.435304974797851,155.8173139892006,106.41950231330233,28.039499884471297,5.2047202544924644,335.51759996917093,4.145739918471114,0.2680940413223002,3.3975066377814795,2.6919194815151504,0.32994429396630215
30,4,2.4559188344773877,204.86399997025728,281.9672117738237,2.7339473817767144,1.8344043531293535,195.62421808542743,141.13629126702327,20.31849999912083,4.865499577738221,259.1531428375414,4.303850291216275,0.3862954250313031,5.0583543822934,4.208489249542721,0.3911809473493774
31,1,3.0259183232875393,219.29150001960807,186.8948566868999,3.1700096720155173,3.2836664703641745,220.95920500108497,130.27530925094229,33.396749990060925,4.3227404618393415,248.08600001657996,4.303756585216665,0.20559894411861848,4.690426552585878,3.3805263091947135,0.3939225406367955
31,2,3.7052149511003303,171.90049999044277,116.76218331514345,3.7566762698656126,3.9079569175996784,232.20504892850022,139.12455872035605,36.20249999221414,0.0,,4.342645361409635,0.19000446428093387,4.461046072374825,6.470646459702102,0.40212145486858814
31,3,2.5807679415422826,234.0645000222139,263.18861104946825,2.5585199420462286,2.7644947856065154,199.26913755181553,123.60514985742867,32.001500017941,12.013919727869249,217.64600000784003,4.281309450498802,0.26395477119259914,3.967199413279337,2.9838869343390364,0.3265724588223757
31,4,2.3323789866455553,196.33824998163618,186.65773677010344,2.840717996555484,3.103643074979823,230.19749082954172,130.2926536747121,35.216999996919185,17.941376820350428,180.3833000070881,4.591999707824475,0.6940384660838181,5.048875449432726,3.4325375975467165,0.3373478031972074
32,1,2.387498404098362,255.97599998582155,346.1925333255128,2.34792660734535,1.8505107640374243,119.11837250302992,87.68770933785531,24.237999983597547,1.582871870120461,181.974000006448,3.403533879515426,0.12913678604178488,3.7211704994256904,3.1569988520525065,0.3006219004227792
32,2,3.059747205595689,250.7704999879934,140.1694960063339,3.5059603397450605,2.4565036733280907,149.05766634644144,106.7264839421776,27.931250049732625,0.0,,4.050986773112272,0.4776992235099897,4.383408670779575,3.965113333206459,0.3073522180499047
32,3,2.4582350100428605,270.2252501039766,280.6776955830393,2.5822743912835553,2.8981876134150744,180.01381698536275,121.46860480424809,29.17600004002452,10.148676646965937,184.89913332741705,3.671703290358701,0.20234535495120068,6.043471670453047,4.538166563748293,0.4437886559058895
32,4,2.409838969050932,270.50149999558926,299.47079989264506,2.61701969489694,2.7795137391900115,169.978133356817,119.64436731852389,27.864999952726066,15.70211816938164,183.82529166410677,3.9272284225510967,0.2623164696715412,6.102928429965029,4.376153185682379,0.44857752181719796
33,1,3.812549101598762,181.80049990769476,117.14297531851452,4.10866942016954,2.9175717149909497,240.25402277000407,154.27038499342027,32.00700005982071,0.0,,3.9071325010860813,0.6612499355984299,5.554431156047704,3.3459924039256186,0.37243491159045794
33,2,3.6113741538504303,165.47899995930493,153.97057904206991,3.651059584112523,3.6018073607034604,234.55962171580876,142.57068463439046,39.82850007014349,4.762251631451117,300.2199999755245,3.959787953875242,0.3018928989159806,6.055517909623316,3.7367448187225163,0.4212799144749428
33,3,3.4938189974735807,193.4004999930039,151.6462789690989,3.6976251056595393,3.3806451891419558,225.02792241113423,142.6571361465875,36.02849994786084,5.24072849621037,189.25233332750634,3.973825510149715,0.38272868271577765,4.596389224513284,3.5059631530851965,0.3834688522138954
33,4,3.548377688589181,190.30749995727092,126.29354481494077,3.6170559664328428,3.10539355417648,217.97851391002555,138.3288915923592,35.96324997488409,9.61495889811262,202.61814287264912,3.7016821708068273,0.2037114140761951,4.80289632493982,3.201745845704887,0.4020550839720709
34,1,2.8231449411085214,252.46400001924485,219.05542386773038,2.793111484288218,3.310930318678092,149.73588289020276,105.52366254535441,32.20000001601875,0.0,,2.2715456182316514,0.4755178085891751,3.521989779654078,3.012231974216685,0.37097714861151826
34,2,3.239158073990238,225.79999995650724,169.09263482077557,3.3066405338650346,3.1971578048187705,158.61246936825722,110.42283054831053,32.13399997912347,0.0,,2.483324511607626,0.7135999882968292,3.941874310003353,3.433678787405484,0.3445262227006424
34,3,3.3682410258064963,203.13949999399483,176.1200662328793,3.1653349399145387,3.0412184467917576,148.10357387564133,103.58686320277147,33.00900000613183,0.0,,2.2059491189760934,0.2579685833154793,3.762369548033459,2.9981103400302547,0.3465652742669835
34,4,2.5977839178823454,222.40900003816932,344.2768242545803,2.66496798472413,3.209275616181899,173.28977986166933,117.4158360593408,32.31800009962171,8.062088021014175,187.78050000158441,2.857679191685309,0.6348383465366092,4.365332106028109,3.600540944282243,0.37698671590407645
35,1,3.659046459605935,187.84249998861924,139.62029207057793,3.8962068782840977,3.664856511582442,187.30215149636345,126.7641009067626,33.33000000566244,2.0328035886699642,432.6790000777691,2.919606810483636,0.08684205655299893,4.401629492092343,3.011595992480457,0.3340878817235838
35,2,4.16612381452804,172.78849997092038,95.96624935351532,4.199994739849407,3.0056685125789584,168.51568795892138,114.34345773397096,31.995250028558075,0.0,,2.9550631862526457,0.24402520795374483,5.0506017648850134,2.915294922739869,0.3574091885201149
35,3,3.3918581672087735,194.0389999654144,169.8599714989751,3.2685178702193634,3.418035413810805,183.7033341465693,122.28403955848768,35.90050002094358,13.567432668835094,251.4250000028617,3.019255502505277,0.09046006952297865,5.135026931177172,3.869742662337655,0.3530125410581722
35,4,3.427839870075514,188.61950002610683,199.86515670047788,3.5694861456984692,3.5847564621132912,199.3065950055307,128.57661830639316,36.15624998928979,5.099265922426384,238.657666641908,3.170619452815619,0.268058510081799,5.021273481700707,3.0683319145599075,0.34706986897336667
36,1,3.9781635690818975,128.75450000865385,87.28871420571662,8.700211382788865,0.3673911334072294,183.61493154612697,125.5540848034387,18.431499949656427,0.0,,4.906501261160633,1.7991249695526619,6.94540591040677,5.448303692817467,0.5383253901164243
36,2,3.669688834915866,166.38999999850057,110.55953477432324,5.225317797543244,2.2667594775088675,212.1703220202939,135.59533086239537,28.77400000579655,0.0,,4.716484855159178,1.4240995020956777,5.920368864750026,4.512045300238501,0.4705338095296503
36,3,2.8685343906031764,173.4905000193976,202.42532394356584,4.380520497965442,1.6550125603367742,225.08041680312462,144.39488269319293,27.846500015584752,5.087056062153416,285.19166667441215,5.078181774474816,1.1827341977506929,6.8809877885020185,8.219934793348395,0.5640634135267723
36,4,3.1386184495483853,171.5410000178963,154.84457384926017,4.292272798571576,2.487134904781447,244.49485775358932,156.08581164289106,32.763499999418855,11.197233387578022,258.8061818175695,4.856439126280967,1.0685470092750768,6.22902150830911,8.67209584631962,0.5430787404710035
37,1,3.3425313628660356,156.56400000443682,95.70257205463002,2.4472104620983477,1.9626621252532463,191.4435665822244,134.16302226795463,26.055000082124025,3.581283603070753,208.1279999692924,3.7190416318771824,0.512025397428458,90.29294340155622,14.05584405238895,0.25716555317667206
37,2,3.99783566057827,147.8279999573715,75.76923404654896,2.665223773718847,2.148411202383209,133.97287243488535,92.98334904300037,31.728749978356063,0.0,,4.215326808252818,0.6286440369352027,72.27054512191229,10.684910233101334,0.2960796016473924
37,3,3.0565895318654133,207.26849997299723,190.26700188534016,2.1118254947433766,2.5950571279663004,193.9843729616986,126.41224860352654,32.036750024417415,3.334461307489542,251.98349996935573,3.948394190639078,0.3864463976223217,89.78123487400472,13.861023520517218,0.25348531046062095
37,4,2.8397007993328875,196.32999994792044,171.80955957010536,2.3640858871293498,0.7454332094631279,200.50550759897018,139.0289096151018,23.904000059701502,5.875243033102526,260.99914286584993,4.0139372772498545,0.38074231898912947,102.08435201679244,15.727766574840723,0.4141301433881767
38,1,3.236603437361739,209.93724995059893,234.1012787549829,3.323608906108022,2.8547342568853686,164.24944147519534,111.20630310461841,32.18500013463199,1.0440656249553997,164.1379999928176,2.7156813596331464,0.12304809425475105,4.642048395246513,4.341464004761666,0.4045181591176112
38,2,3.3971971372574687,180.67550007253885,172.72622362451764,3.747423646253084,2.8348290240288687,170.3829706084137,116.3602154271705,32.1960001019761,0.0,,2.8228596000799913,0.10800985472216207,4.1716783279131455,4.922768830713445,0.41194325959451356
38,3,2.9169276932113974,220.15774995088577,212.9010367582169,3.393359216435926,2.127506413586772,179.4555452859105,123.52520442592659,28.49850000347942,8.167397540991914,193.6448571338717,2.7678740477414605,0.12985126138883835,8.03211952195045,9.0502729815304,0.4713126454765308
38,4,2.8054984296968284,217.62050001416355,197.62789189870082,3.1955004535560287,2.5489860234035913,190.2525007553847,124.95732229989285,30.93149996129796,8.303268895066847,153.37681819007474,2.9614506275642634,0.1459819806918936,9.398775442660487,9.49289978563121,0.49779915195328145
39,1,3.6825078427606885,195.95249998383224,139.9068232094442,3.651300149177971,3.616192842285336,185.32277999789505,121.33273390467784,36.03550000116229,0.0,,3.7254449048226457,0.12718547277441022,5.050385869682097,3.6895620211205205,0.4010419046568489
39,2,3.34452107384917,208.48749997094274,165.61100988257974,3.492696058133627,2.7564566517143554,154.94612264670204,109.39987892520806,30.17299994826317,1.2700712938667735,143.8530000159517,3.5208141068971637,0.24024655395750166,4.760650364742662,3.8318990619184325,0.3875616521403798
39,3,3.0697338679997124,218.2594999903813,174.64445794818218,2.986317186804068,3.2487757248956584,166.5604024150646,114.68995449774556,33.5079999640584,17.017002963911448,212.4445882338263,4.382092575952446,0.2526141377821645,5.239897654274295,3.604772442967697,0.3438078428161489
39,4,3.2384856749331377,221.99200000613928,154.84487483979322,3.207933923282825,3.4037798629515845,160.77644457112805,111.21444087603169,34.44149997085333,3.666210198037514,225.90349998790748,3.703833116327966,0.2001443437407955,4.44575000480858,3.507509610502385,0.3789437142083327
40,1,3.3538434654042413,207.93450000928715,153.41515035183838,3.4627344870082752,2.9696806569029155,183.06290393607264,123.1609776058973,31.898500164970756,1.3066922592484058,187.9040000494569,3.2474740476443613,0.4008729925089048,5.229779573232241,3.970455078512069,0.3393611620027865
40,2,3.249334388002457,200.8377500460483,187.58782841459737,3.5201122536693283,3.3424164736212703,215.52639157425142,138.37424219360702,35.20300006493926,2.9539403527295063,190.2459999546405,3.8947545104341175,0.2675960638162861,6.403521869587726,4.88138222155042,0.4887214480724777
40,3,2.6856065587875477,203.76200001919642,170.58315301986863,2.814913541247689,2.586584026992587,180.57480752793273,125.66756086239863,28.023999999277294,46.55051368565083,245.60947434899086,3.91695020695565,0.6482039549538443,4.807866871741469,4.3890407274152095,0.40792081939313096
40,4,2.7782379341986334,187.8675000043586,174.12417256307677,3.0777505739449547,2.362131560298395,199.26137512185005,136.68606180515485,32.002000021748245,34.082472798719294,252.20179999120194,3.8699079559561524,0.3026302891244249,5.981948821908341,4.188895006743489,0.3783681558697986
41,1,3.202377779422847,221.5197499608621,179.4465439626782,3.327688214269828,3.1064530740612395,210.26717505069104,133.21586872623755,32.192499842494726,0.0,,3.6612849332789392,0.12001479451983173,5.254894992723053,3.706421870029236,0.3908434841270028
41,2,3.380853973570889,208.52549996925518,174.55864473958158,3.348959124763616,3.3451597475580854,210.07443263116002,133.25994450954715,32.19175001140684,0.0,,3.4231826621079597,0.10052358772721254,4.881688769567179,3.1038537679440066,0.3793463086406376
41,3,2.329941384478235,239.10650005564094,422.6578896544889,2.489756858503818,3.055124901383395,206.83374545503182,133.81762142499105,32.025499967858195,0.0,,3.4371145052553933,0.27765039889799586,4.808692519299373,5.098444054977601,0.42726954449930465
41,4,2.4094889594964486,252.35550000797957,309.97760280515627,2.5132468572738076,3.8894470921772055,242.2779666606851,148.77323787325287,35.85600003134459,1.3834386370314538,182.85650003235784,3.6822178538787784,0.16789786423429254,4.769519913195785,3.4772110777691267,0.36832636087978665
42,1,2.9048746909690015,238.65899996599182,199.58281883659728,3.3429113507182953,2.593437326175139,152.03515689718466,106.56699109695467,29.780999990180135,4.149820987098574,206.53566667654863,2.958986689409788,0.2349021129209522,4.0515094830045895,4.115782590370233,0.3547037634130594
42,2,2.8591122408909087,255.67400001455098,163.93671918026823,2.7491463854720273,4.429746747199002,227.1644911851531,141.17177666365612,37.3265000525862,2.1993171083776217,207.9029999440536,3.476746082369696,0.3785954623472515,5.043795710237099,2.886101135541059,0.39088838916943236
42,3,2.3947295383679084,317.0237499871291,250.18607585984998,2.606029203518018,2.8209108878250353,155.6298804996471,106.08492330874984,32.00400003697723,5.0711919636026295,216.9066666586635,3.3658493768122497,0.3353503251927555,4.364373028366827,2.924255819841048,0.2760600690072878
42,4,2.551975607234137,271.3025000412017,273.79397133287523,2.692451328733264,4.159098006385114,219.1022309388299,137.05890793417745,36.07549995649606,5.619028859965072,225.24524998152623,3.36242939865235,0.35396128905962054,4.5467881473141665,2.9342293318437225,0.3277485233241054
43,1,3.3181805996632012,84.9099999977625,63.299318933722084,15.019133240580807,0.2502544475664868,105.43151915012002,74.77114482428183,15.97474999653059,5.239232525784002,229.16700000011278,2.932098180999743,0.3229176787897112,6.389538613327586,5.886645791874937,0.5006407926791018
43,2,2.390637236607717,83.92874999844935,40.104701449164736,17.182705138117964,0.26711233496483977,113.69882896246591,77.70744342658597,19.959999997809064,3.585955854911575,211.58849999847,3.131372497487281,0.2097066671401922,6.6064871735135595,4.158894315291703,0.47006510582406175
43,3,2.502263899203092,76.12050000170711,38.95128830273666,17.920059155062145,0.26676533245423156,104.09773292256887,72.16136198777191,19.71199999388773,3.464673091204282,239.90333333252536,3.5619043105617942,0.4574757918990842,6.038824356483881,5.611666565277651,0.4954721337521601
43,4,3.3496270545822693,84.15749999403488,44.51789784622856,16.561005269862058,0.25251580038930443,89.64389886596365,66.6910951351635,15.425999998115003,4.491120073182931,238.29525000110146,3.290341312432224,0.29442436097358127,5.90986426463076,4.215999134704891,0.4240463619557642
44,1,3.585302545195134,190.85825000001932,134.6992907217746,3.8840777572947287,2.7329486534363077,156.41733480872296,107.3764259873752,30.55925000080606,2.2408140907469587,160.029000002396,2.8570865119648503,0.2496442112958718,4.354666520371862,3.5612509771299146,0.3608723782944216
44,2,3.96067243082308,179.81999999756226,121.61710637161332,3.96067243082308,3.5463821132797855,183.7395484502974,122.90749577594987,32.528499999898486,3.469202129188099,177.9685000019526,3.097232580897551,0.2233141874082771,4.989444262464487,4.078433214378017,0.45551506167600514
44,3,2.8091976318432117,187.5747499998397,145.83290443277224,3.124837815196382,2.7056787474218535,199.3586596394904,127.96525179845699,28.206250000948785,53.97447135339205,231.30677192985834,3.360094017933914,0.5719726931515664,5.779537589598958,4.272370550963225,0.4228316848060876
44,4,2.387454193042437,221.99175000059768,228.37194554290318,2.096545909016258,2.250331510884928,169.65585584224021,127.76829769053748,25.061000000278,33.103356458151445,237.72958181785228,2.456354048463367,0.423861308252161,3.2706107674592833,3.042250830141841,0.31894833055032584
45,1,3.0547835691993086,251.85450000572018,190.77712715350725,2.9679176857149683,2.5449595375292677,139.54649742496582,99.06827133724414,29.649000003701076,0.8686588348434052,184.0010000014444,2.919373701447455,0.15955480443079262,4.6328789499566305,3.0554376878438045,0.312996793519621
45,2,3.4649748161835903,213.65799999330193,133.96440063639926,3.493145343144432,2.697220513127223,150.713268464308,104.69543459013214,31.926499999826774,0.0,,3.058578989633084,0.201132314936972,3.995805600549684,3.3736358039054135,0.31671704418367225
45,3,2.956264736590426,239.9580000055721,216.81800339537648,2.998699158646748,3.085965068312162,156.0431439736666,106.58367602228961,31.96100000786828,4.24344220563219,157.8842000017175,3.1250925446567526,0.14917172173554394,4.716733504871275,3.1167981786994075,0.3389637066022475
45,4,2.9278951085263905,236.74649999884423,222.70449911879209,2.9524992691022427,3.3128872712122184,173.4608207296531,118.42398750312353,33.496999996714294,1.4762496345511213,124.3589999940013,3.2837176702265247,0.09467779987156656,4.81744348996714,2.7158997513871723,0.3284868085420288
46,1,3.951432821817302,171.0939999902621,109.97743023052325,4.1861714052915975,2.9282730756609836,163.38200915084326,112.43231333325517,32.364999991841614,4.694771669485903,228.24299999774667,3.1486729632001236,0.24149045506887395,4.173539667290672,2.760644550536359,0.3555152809792585
46,2,3.5999761681580806,203.88924999861047,124.34481801537217,3.869974380769937,2.8506402051069584,187.81123608355006,123.39578112778541,31.738500008941628,5.399964252237121,186.440000000099,3.2416741941107765,0.12944786578544534,4.238663521147801,3.336482872747812,0.2994206265913097
46,3,2.9328307392513144,171.06725000485312,187.53490602738827,4.422522543315474,2.2284357501541523,209.1948586219695,135.908951314135,34.231999998155516,8.379516397860899,245.81116666619587,3.896300127999747,0.28801422030580215,4.691577615894107,5.614864736539054,0.4552409017773343
46,4,3.0763498954673074,185.33049998950446,204.70914755044092,3.274115245890206,2.8039304561863796,164.48703169638205,112.0639625954132,31.975499994587153,7.910614016915933,232.9473333350809,3.1917035890343928,0.3971330661214409,3.168913338878138,4.785573704137135,0.3380036719891992
47,1,3.744106624140572,186.13749998621643,148.2897529894944,4.054128191744568,2.3509399191745564,156.44791310882522,108.19241783361208,28.012750030029565,5.723475094227626,228.8839999528132,3.211421184858084,0.17418320863599654,4.078155775633213,3.432226449814555,0.3613576236690519
47,2,4.300308724869287,163.3309999597259,133.86218096656526,4.388070127417639,2.6302391488099826,153.9756196979515,109.78844383483825,28.183250047732145,0.0,,3.2968819753380556,0.21777855610940874,3.6992980182241335,3.2561824191131223,0.31943692546135927
47,3,2.6459299417226854,167.79600002337247,174.58615764443178,3.4319593386361196,1.9340233607435762,168.5256374382605,117.26261424633051,25.19050007686019,23.248756810115648,231.77151429200808,3.3979117597532738,0.4188671167694546,47.14495227682487,6.933545820703869,0.5028458597303432
47,4,2.984112017125554,168.18575002253056,107.31031555054729,3.891048022330379,1.7730121153351286,167.05836964404557,126.10438600947931,21.107500069774687,33.351840191403255,249.73584211578495,3.3252236911015807,0.1950698727143524,6.376345122147469,4.815475326965142,0.36455167463801574
