participant,task,duration_s,gaze_invalid_frac,pupil3d_invalid_frac,blinks_total,blinks_implausible,n_fixations,n_saccades
1,1,33.80600950000098,0.018890920170627667,0.019139339266122102,2,0,102,109
1,2,28.484623999998803,0.0004366812227074236,0.00043655413271248555,0,0,98,100
1,3,71.42187199999898,0.09739666590545787,0.10377897020207782,14,2,154,159
1,4,38.159654000000046,0.018324889511695593,0.019286714793664506,2,1,97,95
2,1,41.745935500002815,0.0001967922857423989,0.0003935071323167838,0,0,143,142
2,2,29.481137499999022,0.0007023458350891979,0.0022468754388428325,0,0,119,120
2,3,42.03307850001147,0.09476772616136919,0.09540566959921803,6,3,122,127
2,4,49.019973499991465,0.12963117838922808,0.1306965465339911,10,2,142,143
3,1,42.347102000007,0.04819512195121951,0.05744660099483079,6,1,123,134
3,2,45.063745499996,0.021832465515666394,0.02494061757719712,4,1,143,160
3,3,86.71440350000194,0.09819648789748457,0.11708590412909348,18,1,199,214
3,4,53.11987499999668,0.041127720548369606,0.05211398482267304,7,0,157,169
4,1,18.118669500006945,0.004441327723235157,0.00490654205607477,1,0,68,66
4,2,23.997440999999526,0.018632448584988574,0.019156414762741658,1,0,82,92
4,3,43.54487899999367,0.10331088132055782,0.10510339594004936,19,0,139,145
4,4,32.08185349999985,0.11154345006485085,0.11480088208587369,19,1,102,110
5,1,40.5193089999957,0.0019299136617572372,0.004265691651432091,0,0,142,150
5,2,38.69243550000829,0.004468085106382979,0.008190618019359608,1,0,146,149
5,3,50.140860499988776,0.050498447458735087,0.056794966086459064,14,1,160,183
5,4,140.9968494999921,0.12290760321530439,0.13774525339249188,100,3,391,440
6,1,42.71661450000829,0.011339611762444744,0.015856236786469302,3,0,118,134
6,2,25.831823499989696,0.021064479819906737,0.15327763496143954,2,0,85,83
6,3,94.37016099999892,0.5737945945945946,0.6685981146761222,33,17,130,240
6,4,63.50028000003658,0.3875804375804376,0.4562125989318576,25,8,137,221
7,1,28.36697100001038,0.06491774121831925,0.08140569395017794,6,1,108,124
7,2,49.687902000005124,0.08618673793218641,0.17036913312176383,5,0,193,155
7,3,54.69733300001826,0.07498856881572931,0.10121951219512193,18,3,163,165
7,4,45.49198699998669,0.03981008035062089,0.07623482151008854,10,0,147,148
8,1,34.02381949999835,0.0007295719844357977,0.004863813229571967,0,0,121,123
8,2,35.72110199998133,0.030151919285631452,0.07653948741737215,0,0,129,148
8,3,50.0151800000167,0.06393672241904919,0.07102249320260356,19,0,139,147
8,4,68.52962850002223,0.07284490505002096,0.09368635437881878,18,0,207,215
9,1,30.360341999999946,0.010985992859104642,0.012081274025260824,2,0,151,288
9,2,22.64204599999357,0.010175763182238668,0.011470860314523601,2,0,93,137
9,3,62.947847000003094,0.0897663705166173,0.1643087451470685,19,0,209,370
9,4,43.3479304999928,0.03289094056549336,0.034714876430426034,13,0,169,226
10,1,28.618306000018492,0.0118006993006993,0.024770508523969115,1,0,108,113
10,2,29.282121500000358,0.005170927894283252,0.03332375754093653,0,0,109,123
10,3,86.80998299998464,0.1981676766712793,0.2124928421454476,65,5,213,240
10,4,33.33593800000381,0.10147832623402656,0.11571696931747022,17,0,113,122
11,1,58.98969500000021,0.03115264797507788,0.032329525787469726,13,0,189,200
11,2,29.221699499999886,0.013944223107569721,0.015500568828213934,2,0,112,114
11,3,112.81428300000152,0.0628064609172195,0.0644696040960554,43,2,310,344
11,4,53.92733750000116,0.06554136253041362,0.06727991485479701,15,1,165,182
12,1,39.500929999994696,0.0,0.0004184100418409553,0,0,140,137
12,2,23.049474000014015,0.0007321984257733846,0.00109789569990848,0,0,80,85
12,3,77.95741400000406,0.02265988987717069,0.023720019060729625,16,0,175,187
12,4,68.72206600001664,0.08059576001441354,0.08360360360360364,20,3,150,148
13,1,58.29103850001411,0.00715086932136848,0.009254066180594545,2,0,197,195
13,2,27.477524499990977,0.0018088634308109737,0.0036177268616219838,0,0,99,109
13,3,108.93570800000452,0.15985657727646224,0.1772549019607843,38,4,254,336
13,4,43.46993900000234,0.10707547169811321,0.16765732616284557,10,5,128,238
14,1,62.82150650001131,0.0035204380989634267,0.004237011928818202,1,0,191,188
14,2,42.99873900000239,0.00469663567526119,0.005560348959831263,1,0,130,127
14,3,129.81028249999508,0.03340778256629652,0.03630072349795532,7,5,319,313
14,4,122.23060750000877,0.11475300177263453,0.117056856187291,27,10,316,328
15,1,69.79650900012348,0.0708140691753965,0.07249005382635154,30,0,194,187
15,2,30.0570355001837,0.0413745704467354,0.041781198460692726,8,0,101,98
15,3,40.89190599997528,0.1231774761186526,0.12594306407806055,25,3,105,96
15,4,74.536454499932,0.19912160307438925,0.20215219062259804,48,7,189,186
16,1,21.564575499971397,0.01908321857170962,0.02223096596498131,2,0,87,99
16,2,22.21655400004238,0.011244520678482943,0.014672256097560954,1,0,89,103
16,3,57.3620439999504,0.028314768235716853,0.02952798333213591,10,0,185,206
16,4,31.443775000050664,0.02364164247200332,0.024187975120939842,4,0,111,123
17,1,42.02215249999426,0.008166879858309554,0.008559622195985828,2,0,140,138
17,2,20.962306500063278,0.0002016942315449778,0.0004031445273130485,0,0,81,87
17,3,51.02860199997667,0.24324987727049582,0.2439283669964838,25,1,109,127
17,4,61.27760949986987,0.486064507293022,0.49171573326030393,34,4,80,88
18,1,34.45026700000744,0.003999515210277542,0.00472669979396434,1,0,125,139
18,2,26.611677499953657,0.00253204620984333,0.0031655587211142366,0,0,113,120
18,3,68.05849999992643,0.029060451565914056,0.029645276422172073,10,0,185,201
18,4,50.95579999999609,0.14063998604935044,0.14127592818546275,13,0,131,148
19,1,33.806081499991706,0.0,0.000731261425959806,0,0,126,128
19,2,31.02570499999274,0.0007977662544874351,0.0017282637596384154,0,0,119,124
19,3,57.872818999996525,0.20858939040757224,0.22194760257044,14,3,169,198
19,4,39.465137500010314,0.0271875,0.03833333333333333,3,0,142,160
20,1,28.134957999995095,0.004776119402985075,0.005672488431109124,1,0,108,118
20,2,31.206910500011873,0.008457511075312122,0.008992081599785262,2,0,121,138
20,3,100.05996000001323,0.1634516513799202,0.16807206614289827,56,7,270,322
20,4,58.78577200000291,0.15214180206794684,0.15356489945155394,28,3,172,220
21,1,42.882367000041995,0.006252404771065794,0.006637168141592875,2,0,126,126
21,2,41.18576900003245,0.0036144578313253013,0.00421771440048202,1,0,129,126
21,3,112.73377250001067,0.0721522204873089,0.07454882167108468,46,2,263,276
21,4,112.98877350002294,0.21956022317033147,0.2759928521935743,62,11,254,257
22,1,40.33082999999942,0.0011356597150526534,0.001961594053272786,0,0,147,162
22,2,30.86402950000047,0.0005383580080753701,0.0009418729817007865,0,0,120,128
22,3,56.459472000000005,0.009825327510917031,0.010334036824103054,4,0,200,222
22,4,57.143190499999946,0.0042488837678237076,0.004319032536711731,2,0,232,281
23,1,39.58035550000022,0.004269943761716309,0.006560449859418949,1,0,135,132
23,2,18.111887000000934,0.0004682744088035589,0.00046827440880359283,0,0,75,73
23,3,28.145807500000956,0.029015544041450778,0.030491415038484293,6,0,92,90
23,4,27.711840000001757,0.025138410893311387,0.025736944486009272,6,0,86,84
24,1,34.44590399999288,0.025145067698259187,0.02562862669245647,5,0,113,140
24,2,22.26398849998077,0.007012888551933283,0.008151658767772463,1,0,89,238
24,3,58.50228299999435,0.2284507042253521,0.2320259136680516,26,7,158,242
24,4,118.58376100000169,0.15900072461267728,0.1658442320300908,47,3,336,503
25,1,36.962892499999725,0.007358679897424462,0.009253065774804892,1,0,136,140
25,2,23.759043500002008,0.007195507195507196,0.008596491228070158,0,0,92,94
25,3,71.43429350000224,0.15884373211219233,0.17296245421245426,21,2,176,175
25,4,47.78402900000219,0.07508151707568217,0.0834978117223033,15,0,136,125
26,1,25.325850500026718,0.009336609336609337,0.010971016865891636,0,0,94,100
26,2,33.0776429999969,0.019139354515886914,0.020135067533766926,4,0,130,144
26,3,52.286702000012156,0.035801018409714065,0.036909333124363286,8,0,156,173
26,4,42.24668649997329,0.04624052846318244,0.046832491255343944,14,1,129,139
27,1,31.007374999986496,0.0005410523468145543,0.0008113590263691961,0,0,110,112
27,2,26.369330000015907,0.0012828736369467607,0.0024046168643796495,0,0,106,116
27,3,129.7250584999565,0.14466803993028046,0.1474344753272272,40,6,389,486
27,4,47.848819500009995,0.06531492666091458,0.06867989646246764,14,1,163,165
28,1,41.640251499949954,0.039699782737507405,0.04069135802469137,5,2,126,132
28,2,19.432070999988355,0.003013344812742144,0.0070998278829603745,0,0,72,73
28,3,44.947861499967985,0.07516459400146305,0.07833638025594147,10,1,116,115
28,4,33.44224950001808,0.14446089316555638,0.14544781643227234,10,0,78,95
29,1,35.19663900008891,0.016977128035840602,0.017099056603773533,2,1,128,125
29,2,25.58903349994216,0.010027946736807496,0.01182654402102501,0,0,97,93
29,3,61.916062499862164,0.15214366178516997,0.2276702888947787,22,1,166,176
29,4,51.612123999977484,0.15572397287594736,0.17113237639553425,19,4,128,128
30,1,50.438010999932885,0.007557289127254997,0.008612984480377062,1,0,179,178
30,2,21.687982499948703,0.036374133949191687,0.04233211468154707,1,1,79,76
30,3,57.63998549990356,0.07956561856767691,0.08275959968769964,8,3,167,173
30,4,86.32207100000232,0.21690672963400237,0.2328689492325856,13,6,212,236
31,1,41.640251499949954,0.039699782737507405,0.04069135802469137,5,2,126,132
31,2,19.432070999988355,0.003013344812742144,0.0070998278829603745,0,0,72,73
31,3,44.947861499967985,0.07516459400146305,0.07833638025594147,10,1,116,115
31,4,33.44224950001808,0.14446089316555638,0.14544781643227234,10,0,78,95
32,1,75.81156900012866,0.01582928146947596,0.02155475122899897,2,0,181,178
32,2,31.375141000025906,0.011395629440943826,0.014737406216505877,0,0,96,110
32,3,88.68151299993042,0.02492573338284441,0.027063411011048144,15,0,218,229
32,4,91.70737250009552,0.03855810616929699,0.041113701578192274,25,1,221,240
33,1,27.01604550005868,0.013168208183100799,0.023981191222570586,0,0,103,111
33,2,25.198164500063285,0.026493418832264595,0.03122362869198314,2,0,91,92
33,3,34.34636999992654,0.017401960784313726,0.02083333333333337,3,0,120,127
33,4,43.68193399999291,0.024022292687614105,0.03218059558117192,7,0,155,158
34,1,33.296200500102714,0.00037290242386575515,0.001366969056791345,0,0,94,93
34,2,29.637330999947153,0.0012559307842590008,0.00320915306264824,0,0,96,98
34,3,24.64194200001657,0.0,0.0010121457489878916,0,0,83,78
34,4,44.65344449994154,0.012872379551305628,0.014709938402132972,6,0,116,119
35,1,29.51588650001213,0.013289511288939697,0.014154989991421174,1,0,108,115
35,2,29.523846499971114,0.0,0.00014192449616801106,0,0,123,124
35,3,48.645902000018395,0.041148082296164595,0.04283779207585503,11,0,165,159
35,4,35.299198499997146,0.013744075829383886,0.014218009478673022,3,0,121,126
36,1,30.91878900001757,0.03551427400628329,0.08279819647492825,0,0,123,269
36,2,25.070245500013698,0.02701789935832489,0.042722053360351286,0,0,92,131
36,3,70.76784600003157,0.10801801274928359,0.13910653724710564,9,3,203,310
36,4,58.94313149998197,0.11936825777339068,0.1385266126189637,12,1,185,253
37,1,16.753769500006456,0.020423991726990692,0.04551331781742951,1,0,56,41
37,2,11.256090500100981,0.028037383177570093,0.062232594321275814,0,0,45,30
37,3,35.98782200005371,0.019658020239618473,0.034783620288506234,2,0,110,76
37,4,71.48640449997038,0.10048774754657108,0.14016220028208748,10,3,203,169
38,1,57.467651999904774,0.002430828626581826,0.0036459822705176004,1,0,186,191
38,2,28.55294999992475,0.0008796364169476617,0.0014660606949127297,0,0,97,107
38,3,102.84793849987909,0.05035798568057278,0.0614301711726124,20,6,300,349
38,4,79.48676699993666,0.055953121758971165,0.06082447498055488,12,1,223,254
39,1,32.04338050005026,0.0014200877872450298,0.002581644507551273,0,0,118,117
39,2,47.24144249991514,0.0060267272250851605,0.007859575582918499,1,0,158,165
39,3,59.94004950008821,0.066707633483545,0.08855055642793741,18,1,184,179
39,4,32.731347499997355,0.012379989893885801,0.014401212733703872,2,0,106,105
40,1,45.917468000086956,0.01471511888739345,0.016594904915679942,1,0,154,159
40,2,40.623704500030726,0.016811003565970453,0.017824404155632467,2,0,132,143
40,3,100.53594750002958,0.20393110268666556,0.21024225444957156,81,3,270,283
40,4,96.823960499838,0.21096147289464712,0.2172504900707406,64,9,269,298
41,1,71.82163250003941,0.0023415191319246147,0.002912621359223322,0,0,230,239
41,2,62.706050500040874,0.0003270966897814994,0.0006541505854648078,0,0,212,210
41,3,118.8871110000182,0.002717297836480583,0.00471195184866724,0,0,277,296
41,4,86.74038500001188,0.0033919065341310593,0.003957410722698618,2,0,209,218
42,1,43.37536499998532,0.011202886167283774,0.01253204215323267,3,0,126,145
42,2,27.281195499934256,0.007010057909174032,0.007468373723517718,1,0,78,75
42,3,70.98922749992926,0.01480158958705293,0.023499596820642732,6,0,170,185
42,4,42.71200699999463,0.013784461152882205,0.01426781066229632,4,0,109,115
43,1,34.35617700000148,0.02867783985102421,0.03463257199602776,3,0,114,516
43,2,33.463880999996036,0.012750223128904756,0.022049451950038268,2,0,80,575
43,3,51.952953499989235,0.03319237213755685,0.04037019307483647,4,1,130,931
43,4,53.43878499999846,0.024333359247453938,0.029686042897109077,5,1,179,885
44,1,26.775982999999542,0.008113590263691683,0.010141987829614618,1,0,96,104
44,2,34.590086000000156,0.008726838015540944,0.009083303454045621,2,0,137,137
44,3,63.363288500000635,0.2273464357527405,0.23180697885588275,60,3,178,198
44,4,99.68777649999902,0.23069977426636568,0.40753508987934006,61,6,238,209
45,1,69.07199650000257,0.0024937655860349127,0.0030873359852757742,1,0,211,205
45,2,35.49809349999123,0.0002346041055718475,0.0007037297677692234,0,0,123,124
45,3,70.69732200000726,0.006924643584521385,0.0073901658423043415,5,0,209,212
45,4,40.643532500005676,0.0031472081218274113,0.0034514262511420313,1,0,119,120
46,1,25.560348500002874,0.015949493271307527,0.016279069767441867,2,0,101,107
46,2,33.33355399999709,0.013640345388562132,0.01376893228188758,3,0,120,129
46,3,42.96190649998607,0.060382916053019146,0.06878618388774405,7,1,126,190
46,4,45.50847749999957,0.057895696571845366,0.059821265730439555,8,2,140,149
47,1,41.932566500036046,0.015744133082483413,0.016934046345811082,4,0,157,170
47,2,22.789061499992386,0.0007369196757553427,0.0014732965009207621,0,0,98,100
47,3,90.32741049991455,0.19222186802677718,0.25089932152452077,38,3,239,310
47,4,34.181022500037216,0.22013341419041843,0.2578845220766618,22,3,102,133
