participant,task,rating,n_ratings_in_file,n_windows,duration_s,max_gap_ms,n_gaps
1,1,3.0,1,965,241.25,250.0,0
1,2,1.0,1,1575,393.75,250.0,0
1,3,7.0,1,1346,336.5,250.0,0
1,4,5.0,1,1401,350.25,250.0,0
1,5,5.0,1,693,173.25,250.0,0
2,1,2.0,1,661,165.25,250.0,0
2,2,2.0,1,1552,388.0,250.0,0
2,3,3.0,1,1019,254.75,250.0,0
2,4,4.0,1,1346,336.5,250.0,0
2,5,5.0,1,2122,530.5,250.0,0
3,1,1.0,1,668,167.0,250.0,0
3,2,1.0,1,1311,327.75,250.0,0
3,3,2.0,1,1010,252.5,250.0,0
3,4,3.0,1,1149,287.25,250.0,0
3,5,4.0,1,1047,261.75,250.0,0
4,1,2.0,1,787,196.75,250.0,0
4,2,3.0,1,1417,354.25,250.0,0
4,3,6.0,1,1165,291.25,250.0,0
4,4,7.0,1,1393,348.25,250.0,0
4,5,10.0,1,1058,264.5,250.0,0
5,1,1.0,1,524,131.0,250.0,0
5,2,2.0,1,1139,284.75,250.0,0
5,3,4.0,1,1079,269.75,250.0,0
5,4,3.0,1,1025,256.25,250.0,0
5,5,6.0,1,872,218.0,250.0,0
6,1,2.0,1,556,139.0,250.0,0
6,2,1.0,1,1298,324.5,250.0,0
6,3,3.0,1,1140,285.0,250.0,0
6,4,4.0,1,1365,341.25,250.0,0
6,5,6.0,1,1360,340.0,250.0,0
7,1,1.0,1,793,198.25,250.0,0
7,2,2.0,1,1333,333.25,250.0,0
7,3,8.0,1,1046,261.5,250.0,0
7,4,7.0,1,1350,337.5,250.0,0
7,5,8.0,1,1309,327.25,250.0,0
8,1,3.0,1,688,172.0,250.0,0
8,2,2.0,1,1204,301.0,250.0,0
8,3,1.0,1,1152,288.0,250.0,0
8,4,1.0,1,1328,332.0,250.0,0
8,5,10.0,1,846,211.5,250.0,0
9,1,2.0,1,585,146.25,250.0,0
9,2,1.0,1,1155,288.75,250.0,0
9,3,3.0,1,888,222.0,250.0,0
9,4,4.0,1,1091,272.75,250.0,0
9,5,4.0,1,878,219.5,250.0,0
10,1,3.0,1,732,183.0,250.0,0
10,2,2.0,1,1099,274.75,250.0,0
10,3,5.0,1,1033,258.25,250.0,0
10,4,4.0,1,1115,278.75,250.0,0
10,5,7.0,1,864,216.0,250.0,0
11,1,4.0,1,587,146.75,250.0,0
11,2,5.0,1,925,231.25,250.0,0
11,3,6.0,1,869,217.25,250.0,0
11,4,5.0,1,807,201.75,250.0,0
11,5,8.0,1,752,188.0,250.0,0
12,1,1.0,1,481,120.25,250.0,0
12,2,1.0,1,1299,324.75,250.0,0
12,3,2.0,1,1548,387.0,250.0,0
12,4,2.0,1,1278,319.5,250.0,0
12,5,3.0,1,1159,289.75,250.0,0
13,1,4.0,1,730,182.5,250.0,0
13,2,3.0,1,1308,327.0,250.0,0
13,3,8.0,1,1065,266.25,250.0,0
13,4,8.0,1,899,224.75,250.0,0
13,5,9.0,1,1015,253.75,250.0,0
14,1,1.0,1,446,111.5,250.0,0
14,2,1.0,1,1285,321.25,250.0,0
14,3,1.0,1,1094,273.5,250.0,0
14,4,2.0,1,1152,288.0,250.0,0
14,5,4.0,1,1031,257.75,250.0,0
15,1,7.0,1,692,173.0,250.0,0
15,2,6.0,1,1331,332.75,250.0,0
15,3,8.0,1,1027,256.75,250.0,0
15,4,7.0,1,1135,283.75,250.0,0
15,5,9.0,1,909,227.25,250.0,0
16,1,3.0,1,481,120.25,250.0,0
16,2,1.0,1,1183,295.75,250.0,0
16,3,6.0,1,997,249.25,250.0,0
16,4,4.0,1,1187,296.75,250.0,0
16,5,7.0,1,874,218.5,250.0,0
17,1,1.0,1,597,149.25,250.0,0
17,2,2.0,1,1337,334.25,250.0,0
17,3,4.0,1,1018,254.5,250.0,0
17,4,4.0,1,1406,351.5,250.0,0
17,5,7.0,1,955,238.75,250.0,0
18,1,6.0,1,569,142.25,250.0,0
18,2,5.0,1,1490,372.5,250.0,0
18,3,8.5,1,922,230.5,250.0,0
18,4,3.0,1,1137,284.25,250.0,0
18,5,6.0,1,824,206.0,250.0,0
19,1,1.0,1,538,134.5,250.0,0
19,2,1.0,1,1276,319.0,250.0,0
19,3,3.0,1,922,230.5,250.0,0
19,4,5.0,1,1029,257.25,250.0,0
19,5,8.0,1,699,174.75,250.0,0
20,1,2.0,1,564,141.0,250.0,0
20,2,6.5,1,1321,330.25,250.0,0
20,3,5.5,1,874,218.5,250.0,0
20,4,8.5,1,1103,275.75,250.0,0
20,5,9.0,1,1041,260.25,250.0,0
21,1,2.0,1,633,158.25,250.0,0
21,2,4.0,1,1605,401.25,250.0,0
21,3,4.0,1,1103,275.75,250.0,0
21,4,5.0,1,1156,289.0,250.0,0
21,5,5.0,1,1456,364.0,250.0,0
22,1,5.0,1,546,136.5,250.0,0
22,2,1.0,1,1280,320.0,250.0,0
22,3,3.0,1,1029,257.25,250.0,0
22,4,2.0,1,1081,270.25,250.0,0
22,5,6.0,1,900,225.0,250.0,0
23,1,1.0,1,588,147.0,250.0,0
23,2,1.0,1,1464,366.0,250.0,0
23,3,2.0,1,966,241.5,250.0,0
23,4,3.0,1,1293,323.25,250.0,0
23,5,4.0,1,1044,261.0,250.0,0
24,1,2.0,1,658,164.5,250.0,0
24,2,2.0,1,1444,361.0,250.0,0
24,3,5.0,1,1123,280.75,250.0,0
24,4,5.0,1,1224,306.0,250.0,0
24,5,2.0,1,1481,370.25,250.0,0
25,1,3.0,1,618,154.5,250.0,0
25,2,4.0,1,955,238.75,250.0,0
25,3,5.0,1,1157,289.25,250.0,0
25,4,2.0,1,1087,271.75,250.0,0
25,5,6.0,1,1014,253.5,250.0,0
26,1,1.0,1,644,161.0,250.0,0
26,2,3.0,1,1456,364.0,250.0,0
26,3,4.0,1,842,210.5,250.0,0
26,4,5.0,1,1097,274.25,250.0,0
26,5,8.0,1,855,213.75,250.0,0
