participant,min_rating,max_rating,median_rating,rating_range,n_tasks
1,1.0,7.0,5.0,6.0,5
2,2.0,5.0,3.0,3.0,5
3,1.0,4.0,2.0,3.0,5
4,2.0,10.0,6.0,8.0,5
5,1.0,6.0,3.0,5.0,5
6,1.0,6.0,3.0,5.0,5
7,1.0,8.0,7.0,7.0,5
8,1.0,10.0,2.0,9.0,5
9,1.0,4.0,3.0,3.0,5
10,2.0,7.0,4.0,5.0,5
11,4.0,8.0,5.0,4.0,5
12,1.0,3.0,2.0,2.0,5
13,3.0,9.0,8.0,6.0,5
14,1.0,4.0,1.0,3.0,5
15,6.0,9.0,7.0,3.0,5
16,1.0,7.0,4.0,6.0,5
17,1.0,7.0,4.0,6.0,5
18,3.0,8.5,6.0,5.5,5
19,1.0,8.0,3.0,7.0,5
20,2.0,9.0,6.5,7.0,5
21,2.0,5.0,4.0,3.0,5
22,1.0,6.0,3.0,5.0,5
23,1.0,4.0,2.0,3.0,5
24,2.0,5.0,2.0,3.0,5
25,2.0,6.0,4.0,4.0,5
26,1.0,8.0,4.0,7.0,5
