participant,n_epochs,positive_rate,accuracy,balanced_accuracy,precision,recall,f1,roc_auc
1,48,0.5625,0.5208333333333334,0.5317460317460317,0.6,0.4444444444444444,0.5106382978723404,0.5873015873015873
2,54,0.5185185185185185,0.46296296296296297,0.46565934065934067,0.4782608695652174,0.39285714285714285,0.43137254901960786,0.4120879120879121
3,41,0.1951219512195122,0.6829268292682927,0.5662878787878788,0.2727272727272727,0.375,0.3157894736842105,0.5757575757575757
4,47,0.6170212765957447,0.6808510638297872,0.6044061302681992,0.675,0.9310344827586207,0.782608695652174,0.6992337164750958
5,37,0.43243243243243246,0.43243243243243246,0.4851190476190476,0.42424242424242425,0.875,0.5714285714285714,0.29464285714285715
6,46,0.4782608695652174,0.45652173913043476,0.4640151515151515,0.45161290322580644,0.6363636363636364,0.5283018867924528,0.45075757575757575
7,47,0.6382978723404256,0.6170212765957447,0.5852941176470587,0.7,0.7,0.7,0.5196078431372548
8,42,0.16666666666666666,0.2857142857142857,0.5714285714285714,0.1891891891891892,1.0,0.3181818181818182,0.8122448979591836
9,37,0.43243243243243246,0.5405405405405406,0.5803571428571428,0.4827586206896552,0.875,0.6222222222222222,0.6666666666666666
10,39,0.6153846153846154,0.4358974358974359,0.5041666666666667,0.625,0.20833333333333334,0.3125,0.47500000000000003
11,31,1.0,0.2903225806451613,0.2903225806451613,1.0,0.2903225806451613,0.45,
12,47,0.0,0.23404255319148937,0.23404255319148937,0.0,0.0,0.0,
13,41,0.7317073170731707,0.5609756097560976,0.4984848484848485,0.7307692307692307,0.6333333333333333,0.6785714285714286,0.5696969696969697
14,39,0.20512820512820512,0.5641025641025641,0.5403225806451613,0.23529411764705882,0.5,0.32,0.5604838709677419
15,40,1.0,0.625,0.625,1.0,0.625,0.7692307692307693,
16,39,0.6410256410256411,0.6410256410256411,0.5471428571428572,0.6666666666666666,0.88,0.7586206896551724,0.7285714285714285
17,43,0.627906976744186,0.4883720930232558,0.5671296296296297,0.7777777777777778,0.25925925925925924,0.3888888888888889,0.5277777777777777
18,39,0.7692307692307693,0.6153846153846154,0.5166666666666666,0.7777777777777778,0.7,0.7368421052631579,0.637037037037037
19,35,0.4,0.5142857142857142,0.5714285714285714,0.4444444444444444,0.8571428571428571,0.5853658536585366,0.6598639455782312
20,39,0.8974358974358975,0.46153846153846156,0.47857142857142854,0.8888888888888888,0.45714285714285713,0.6037735849056604,0.42857142857142855
21,48,0.8958333333333334,0.20833333333333334,0.46976744186046515,0.8571428571428571,0.13953488372093023,0.24,0.43720930232558136
22,38,0.2894736842105263,0.5263157894736842,0.5858585858585859,0.34782608695652173,0.7272727272727273,0.47058823529411764,0.5353535353535354
23,43,0.18604651162790697,0.23255813953488372,0.19107142857142856,0.037037037037037035,0.125,0.05714285714285714,0.15
24,48,0.3958333333333333,0.4791666666666667,0.5145190562613431,0.40625,0.6842105263157895,0.5098039215686274,0.5117967332123412
25,39,0.6410256410256411,0.5897435897435898,0.5857142857142856,0.7142857142857143,0.6,0.6521739130434783,0.5771428571428572
26,40,0.575,0.575,0.5460358056265985,0.6071428571428571,0.7391304347826086,0.6666666666666666,0.5038363171355499
