feature,gain_mean,gain_sd,folds_used,gain_share_pct
lux_interpolated_std,7.013164483583891,2.3681040027049343,26,4.21
saccade_count_std,6.22922436090616,2.1226745275770567,26,3.74
lux_interpolated_mean,6.109938566501324,2.2353083883910925,26,3.66
SaccRate_std,5.9404684488589945,2.0868037214793596,26,3.56
EyeGaze_z_mean,5.4522024026283855,1.8678612805902006,26,3.27
std_EyeGaze_z_mean,5.38179625914647,1.780929922227814,26,3.23
SaccRate_mean,5.311121427095854,1.7747721534802,26,3.18
EyeGaze_y_mean,5.281193705705496,2.1270598823741014,26,3.17
gaze_x_scene_mean_std,5.208602721874531,1.7635491689594691,26,3.12
FDI_mean,5.002430218916673,1.5137752133070668,26,3.0
saccade_velocity_degree/s_std,4.9366541642409105,1.4825056519386295,26,2.96
saccade_count_mean,4.83077911230234,1.6252714942705357,26,2.9
saccade_velocity_degree/s_mean,4.7738671486194315,1.46287371757558,26,2.86
std_EyeGaze_x_std,4.76235109109145,1.4298726461189104,26,2.86
gaze_x_scene_mean_mean,4.673440383030818,1.6147526007338693,26,2.8
gaze_y_scene_mean_mean,4.554735843951885,1.3948252283704001,26,2.73
saccade_amplitude_degree_std,4.539398285058828,1.392521752289812,26,2.72
FDI_std,4.475358981352586,1.4687424111422909,26,2.68
std_EyeGaze_z_std,4.395836683420034,1.469364129152128,26,2.64
std_EyeGaze_y_mean,4.387667692624605,1.398838223349117,26,2.63
fixation_count_std,4.3773791423210735,1.2752412672626847,26,2.62
std_EyeGaze_y_std,4.3766086009832526,1.3244426939651357,26,2.62
gaze_y_scene_mean_std,4.355345478424659,1.3433157787614218,26,2.61
EyeGaze_z_std,4.3050951682604275,1.3115375675429168,26,2.58
EyeGaze_x_mean,4.293034186730018,1.1539850424441767,26,2.57
EyeGaze_y_std,4.176964723146879,1.7176237696717116,26,2.5
saccade_amplitude_degree_mean,4.082125815061422,1.3431873644405177,26,2.45
fixation_count_mean,3.8289444079765906,1.082715739490599,26,2.3
std_EyeGaze_x_mean,3.7555626860031714,1.3504629628590283,26,2.25
fixation_zero_frac,3.6880202843592715,1.8079031477059018,25,2.21
fdi_missing_frac,3.6550590991973877,0.9489794477816684,26,2.19
EyeGaze_x_std,3.636865579164945,1.0269633538352136,26,2.18
sacc_missing_frac,3.542998433113098,1.2272703445685071,26,2.12
blink_rate,3.37816321849823,0.7735994098566847,26,2.03
GTE_mean,3.290193411020132,1.4859449732221433,25,1.97
GTE_std,2.6373939422460704,1.5786647249959023,22,1.58
gte_nonzero_frac,2.118770869878622,1.5849647954207826,18,1.27
