participant,activity,invalid_fraction,excluded,pupil_mean,pupil_sd,blink_rate,fixation_rate,fixation_duration,saccade_rate,saccade_amplitude,saccade_peak_velocity,gaze_sd_x,gaze_sd_y,valid_time_s,gaze_time_s,binocular_fraction,refits,n_blinks,n_fixations,n_saccades,fixation_median_ms,saccade_mean_velocity,saccade_duration_ms,gaze_valid_fraction,pupil_valid_fraction
1,1,0.018890920170627667,False,4.3108759851543,0.16374310140577475,3.549664742299635,2.9057187017001542,316.22340425531917,2.936630602782071,2.9223270873164897,123.72824165725716,3.3585886867362573,3.5196916922138466,33.80600950000098,32.35,0.9949068322981367,0.0,2.0,94.0,95.0,233.33333333333334,92.9464176853951,24.21052631578948,0.9568646783337441,0.9780626078383041
1,2,0.0004366812227074236,False,4.3908894408305,0.13249769386390736,0.0,3.2447048219918884,281.9907407407407,3.2447048219918884,2.9866762222760137,125.91909908122109,3.3954430578098806,2.4542461017412394,28.484623999998803,27.7375,0.99970875200233,0.0,0.0,90.0,90.0,220.83333333333331,95.31004042139709,24.537037037037035,0.973672663448881,0.9994150336355659
1,3,0.09739666590545787,False,4.372282907195683,0.22752181393885054,10.080945512041609,2.271794532336003,410.6934731934732,2.0811544317203947,3.293479906891002,129.0103517329277,3.772826919346822,3.835654469935895,71.42187199999898,62.94583333333333,0.9908918406072106,0.0,12.0,143.0,131.0,250.0,94.83883658718196,27.703562340966922,0.8812857309532143,0.917629214794073
1,4,0.018324889511695593,False,4.707827791652591,0.2720992924198277,1.5723413005788764,2.592087312414734,361.49122807017534,2.42837653478854,2.804943764964272,123.27896831575988,3.2958430775072105,2.706513100560548,38.159654000000046,36.65,0.9987921379158888,0.0,1.0,95.0,89.0,237.5,91.76250810068463,24.15730337078652,0.9603668522764494,0.9827510917030567
2,1,0.0001967922857423989,False,3.5768996947399394,0.1176760123979853,0.0,3.365511634996443,271.04468599033817,3.292348338583477,3.2540492536161354,138.7626983645496,3.136466682441187,2.366904973520111,41.745935500002815,41.00416666666667,1.0,0.0,0.0,138.0,135.0,206.25,100.52451916954338,25.80246913580247,0.9821357285429142,0.9998003992015968
2,2,0.0007023458350891979,False,3.667443509552506,0.1269936205736183,0.0,4.146341463414634,215.93137254901958,4.076655052264808,3.0466529692056787,137.5873689830984,3.7798036596656552,2.335899366964554,29.481137499999022,28.7,0.999859432105707,0.0,0.0,119.0,117.0,179.16666666666666,101.16873425409901,24.14529914529915,0.9734313171283211,0.9994347088750707
2,3,0.09476772616136919,False,3.5395355443944863,0.16030262583972177,4.282341584853246,3.4412713585852552,261.21527777777777,3.498625881228343,3.534294226154283,140.4515523707122,3.330482541051378,2.5758694992555795,42.03307850001147,34.87083333333333,0.9367977528089888,0.0,3.0,120.0,122.0,208.33333333333334,102.31859129097283,26.400273224043715,0.8295995241871531,0.8457573354480571
2,4,0.12963117838922808,False,3.735355835105907,0.20515398392223352,9.791926958101753,3.374252439408247,269.2164179104478,3.2735284859930753,3.1309447858899713,135.29579116070772,3.0754849622986953,3.19976046113897,49.019973499991465,39.7125,0.9576246756990487,0.0,8.0,134.0,130.0,202.08333333333334,99.80013021216061,24.4551282051282,0.8101147471313217,0.8397076321604624
3,1,0.04819512195121951,False,2.8102607673380393,0.11802727738634917,7.084310043222094,2.8241227148560624,328.6086309523809,2.6728304265602016,2.870013867679363,125.59775435762286,3.036970158524912,2.1793284608133385,42.347102000007,39.65833333333333,0.991389913899139,0.0,5.0,112.0,106.0,250.0,94.95456066634677,24.41037735849057,0.9364423455332547,0.9696969696969697
3,2,0.021832465515666394,False,3.181511723574549,0.14418384319182082,3.994341748623979,3.058505502992856,301.010101010101,3.2206989766364162,2.752205981457674,128.352648864995,3.2653494769137437,2.713010953798542,45.063745499996,43.15833333333333,0.9959843107956667,0.0,3.0,132.0,139.0,250.0,95.42798904560078,21.64268585131894,0.957655325443787,0.9833579881656804
3,3,0.09819648789748457,False,3.1369161542585347,0.16855632323145553,11.762751732472879,2.0075553157042636,470.241935483871,1.8003237992444685,3.0803257828353297,127.37363015960497,2.881088224411729,3.4652913214391465,86.71440350000194,77.20833333333333,0.9810536287563812,0.0,17.0,155.0,139.0,304.16666666666663,95.85128256370432,25.08992805755396,0.8903517201614454,0.8982317893522968
3,4,0.041127720548369606,False,3.417576245542186,0.12869851035552818,7.906645111646559,2.68528644737949,345.26942355889724,2.6650963237149825,3.2112088539097825,138.99926289252613,3.5592717572884376,3.325411417852944,53.11987499999668,49.52916666666667,0.9829563812600969,0.0,7.0,133.0,132.0,233.33333333333334,102.48316870652927,24.43181818181818,0.9323868538708918,0.956078431372549
4,1,0.004441327723235157,False,3.178061656821104,0.11312589755897988,3.311501432264494,3.599419448476052,251.8817204301075,3.367198838896952,3.4201359975313124,149.31802911225802,3.1416888336103996,2.6962416563399985,18.118669500006945,17.225,0.9938952805822963,0.0,1.0,62.0,58.0,216.66666666666669,106.20668388920186,25.933908045977013,0.9505633478960681,0.9995402298850574
4,2,0.018632448584988574,False,3.2026328445251027,0.12009182031514641,2.500266590925307,3.3734939759036147,267.0454545454545,3.2420591456736036,3.6369026562528806,159.5945309060171,3.309757589281511,2.5638286472264107,23.997440999999526,22.825,0.9922980476446355,0.0,1.0,77.0,74.0,229.16666666666666,112.02969153333319,27.477477477477475,0.9510416666666667,0.9868055555555556
4,3,0.10331088132055782,False,3.1319848497269405,0.14457723060958141,12.400998978549888,3.5445828281714977,253.82462686567163,3.147801168301554,3.430238653670326,146.17547659780283,3.536003495283126,3.9396378637118383,43.54487899999367,37.80416666666667,0.9932289462547609,0.0,9.0,134.0,119.0,208.33333333333334,104.55078691945042,27.17086834733894,0.8681465888431729,0.9140834290088021
4,4,0.11154345006485085,False,3.3724445870794795,0.11153955088601436,22.442593598901738,3.546981953951462,256.62280701754383,2.874922215308027,3.4396570881234996,148.8867486990052,3.177698050572628,2.522253360568437,32.08185349999985,26.783333333333335,0.9896350364963503,0.0,12.0,95.0,77.0,220.83333333333331,107.1328379973818,26.24458874458874,0.8348051948051948,0.8818181818181818
5,1,0.0019299136617572372,False,4.062646513062011,0.1799093930618119,0.0,3.2976714915040906,276.6539440203563,3.2976714915040906,2.619434333987698,107.67304083029323,4.141825129791035,3.0074477579634844,40.5193089999957,39.725,0.999898229187869,0.0,0.0,131.0,131.0,195.83333333333334,83.5616567596627,24.745547073791343,0.9803598971722365,0.9995887312358627
5,2,0.004468085106382979,False,4.18860583090599,0.1785026898421442,1.5506907028374357,3.5224012359302583,259.55513784461147,3.4164643566541604,2.8350337176369917,117.1889570366975,3.7456574265827385,3.2216469101167657,38.69243550000829,37.75833333333333,0.9994656977986749,1.0,1.0,133.0,129.0,200.0,89.23424008573463,24.289405684754524,0.9757725853343383,0.9995693367786391
5,3,0.050498447458735087,False,4.617929279116245,0.32741626065204427,14.359546143013665,3.2843936922240347,277.5386313465784,3.0886351277868407,2.841419510483472,117.14003357360231,5.345189231986063,2.919156395617763,50.140860499988776,45.975,0.9956110154905335,1.0,12.0,151.0,142.0,200.0,89.572707565219,25.058685446009385,0.9169021106863886,0.9817184643510055
5,4,0.12290760321530439,False,4.608631372596343,0.35338357415653715,38.724269509300676,3.151986183074266,292.69406392694066,2.3402417962003454,2.6843334504984817,108.98107412440237,3.7976061696975587,4.094564050911435,140.9968494999921,115.8,0.9912295108892027,1.0,91.0,365.0,271.0,229.16666666666666,85.08383542958899,25.707257072570723,0.8212765957446808,0.9433215130023641
6,1,0.011339611762444744,False,2.3186326863870397,0.04370554704823384,4.213817085152314,2.680350135828554,343.4684684684685,2.6320555387865983,3.3934089501010587,133.77510585252446,2.947521105643915,2.23660243962817,42.71661450000829,41.4125,0.9982503888024883,0.0,3.0,111.0,109.0,237.5,100.18793965784116,27.714067278287466,0.9694693718298869,0.999804916113929
6,2,0.021064479819906737,False,2.258003306491826,0.05957951848672442,4.645432793393307,3.1052093973442285,291.7763157894737,2.9417773237997955,3.569034024942771,133.56323691192102,2.867582676973941,2.1395763088703306,25.831823499989696,24.475,0.9996714848883048,0.0,2.0,76.0,72.0,210.41666666666666,99.85187854270015,29.629629629629633,0.9474193548387096,0.7448387096774194
6,3,0.5737945945945946,True,,,,,,,,,,,,,,,,,,,,,,
6,4,0.3875804375804376,True,,,,,,,,,,,,,,,,,,,,,,
7,1,0.06491774121831925,False,3.3780753830323045,0.2718252301958285,10.57567972272719,3.7929366231253026,237.03231292517006,3.7542331881954527,2.8323288905443404,137.71711615864027,3.1780328086576746,3.402296422443523,28.36697100001038,25.8375,0.9852591535901094,1.0,5.0,98.0,97.0,191.66666666666669,101.22725390229215,22.7233676975945,0.910706417976208,0.9562408223201174
7,2,0.08618673793218641,False,3.3639717270268576,0.15096394581064487,6.037687000750586,3.227280717173493,285.10348583878,3.016347336966075,3.207850436581516,145.80770905997926,3.440314277853967,2.3672039475113573,49.687902000005124,47.40833333333333,0.989855602266496,0.0,5.0,153.0,143.0,208.33333333333334,106.81422052570147,24.562937062937067,0.9540499748448767,0.993459667952373
7,3,0.07498856881572931,False,2.9548858628053307,0.20074541974526275,16.454184338378976,2.8791078820647122,323.59154929577466,2.554701360141928,3.037152686194242,151.6625277513577,2.688231388597581,3.4047165834867283,54.69733300001826,49.32083333333333,0.9832756632064591,1.0,15.0,142.0,126.0,233.33333333333334,108.79659866666898,23.2473544973545,0.9016605728214503,0.958714198659354
7,4,0.03981008035062089,False,3.6165215114116336,0.13731744214486208,13.18913592409528,2.963827304550758,312.46719160104993,2.7537922987164527,3.2926426167065173,163.00970314762728,3.0465684419101917,2.524632026069706,45.49198699998669,42.85,0.9889691898060099,0.0,10.0,127.0,118.0,220.83333333333331,115.61279051407145,23.481638418079093,0.9418444912537778,0.9937728937728938
8,1,0.0007295719844357977,False,4.006809979015605,0.18118226486704098,0.0,3.4804350543817977,262.6077586206897,3.4804350543817977,3.327407329046308,159.8024032879697,3.4671415759044804,2.551770883174843,34.02381949999835,33.329166666666666,0.9963494767583354,0.0,0.0,116.0,116.0,189.58333333333331,112.7287916003572,23.311781609195403,0.9795493509674259,0.9995101640950281
8,2,0.030151919285631452,False,4.06490519035865,0.18256012338984842,0.0,3.5106382978723403,261.29476584022035,3.6266924564796903,2.6899786517224373,140.70958313746686,3.511319654339367,2.5232923056164727,35.72110199998133,34.46666666666667,0.9895970345569771,0.0,0.0,121.0,125.0,212.5,102.35539566787946,21.1,0.9647772334966177,0.973874504315372
8,3,0.06393672241904919,False,3.749288250280998,0.1538995001694477,21.59344423032446,2.8536653871360356,325.1968503937008,2.5166182941672126,3.279702069463491,154.57435964479023,3.212653930792912,3.0601717141001847,50.0151800000167,44.50416666666667,0.9857406918405069,0.0,18.0,127.0,112.0,245.83333333333331,110.05371281559196,23.2514880952381,0.889786737754082,0.9221926024658447
8,4,0.07284490505002096,False,4.24822447394484,0.17761141624080132,15.759606810062449,3.072522982635342,301.6179078014184,2.843718079673136,3.010082707338599,148.10724938118793,3.4494139587481603,3.167045651613239,68.52962850002223,61.1875,0.9731860179621373,0.0,18.0,188.0,174.0,258.33333333333337,106.70102218665284,21.958812260536398,0.8928137159533074,0.8961575875486382
9,1,0.010985992859104642,False,4.01259757876563,0.19520495018281314,3.9525246454733685,3.5263908701854496,257.36245954692555,3.355206847360913,3.3566526490772333,144.7302903676183,4.414329398026262,2.8601406439850448,30.360341999999946,29.208333333333332,0.9930574840322133,0.0,2.0,103.0,98.0,220.83333333333331,105.44787401137405,25.80782312925171,0.9619871003156306,0.9994511525795828
9,2,0.010175763182238668,False,3.6118502890732604,0.15796103603315845,5.299874401811306,3.4582132564841497,259.8333333333334,3.365994236311239,3.61836374293837,150.58894600766297,3.618657385405451,2.6030558100705568,22.64204599999357,21.6875,0.9955140186915887,0.0,2.0,75.0,73.0,220.83333333333331,107.9388526370754,27.168949771689498,0.9576816927322908,0.9992641648270787
9,3,0.0897663705166173,False,3.131882057006034,0.3501846541498359,18.11023020374222,2.617109506988174,354.60680751173714,2.340654277376747,2.4259466093660214,110.17106465206551,2.998691529943749,2.661277114037882,62.947847000003094,54.25833333333333,0.9543778468657363,2.0,19.0,142.0,127.0,293.75,84.20905012545732,22.703412073490817,0.8619274556526344,0.8471008737092931
9,4,0.03289094056549336,False,3.520261499533151,0.11317853047643953,17.993938603369532,3.1676634357599505,288.34635416666663,2.8706949886574553,3.1655717529142273,134.74000494503557,3.4459510667226034,2.9865988865871764,43.3479304999928,40.40833333333333,0.9893595863166269,0.0,13.0,128.0,116.0,241.66666666666666,99.2941330672373,26.113505747126442,0.9321414840445982,0.9998077662437524
10,1,0.0118006993006993,False,2.9792694668640904,0.15707302187701383,2.0965601527903583,3.5772357723577235,253.4090909090909,3.5049683830171636,2.907876067177177,124.95813814547016,3.1620978742438832,2.1134533969352316,28.618306000018492,27.675,0.9930709125755566,0.0,1.0,99.0,97.0,208.33333333333334,93.71144051953453,24.35567010309278,0.966952977143689,0.9743813682678312
10,2,0.005170927894283252,False,3.5994263066298924,0.13963468999429926,0.0,3.530954115076475,256.9306930693069,3.635833940276766,2.785403165347171,123.43995705491658,3.207175345670682,2.180618326195669,29.282121500000358,28.604166666666668,0.9865723361247474,0.0,0.0,101.0,104.0,195.83333333333334,92.04003646927657,23.477564102564106,0.9768070574843484,0.9883323847467274
10,3,0.1981676766712793,False,3.6296684360514098,0.2635047037799539,40.0875553679191,2.9460154241645244,312.52181500872604,2.2519280205655527,3.0766921848144446,121.87816420017536,6.06683113561801,4.0281064740664885,86.80998299998464,64.83333333333333,0.9670316591287789,2.0,58.0,191.0,146.0,229.16666666666666,91.62507566018387,25.028538812785392,0.7468202543796496,0.7758686888078326
10,4,0.10147832623402656,False,3.895106038822918,0.19614621943494298,30.59760910282121,3.431098010316876,262.84364261168383,2.935887988209285,3.5113821694666867,145.22273067654203,3.0584937214137025,3.4660453131061684,33.33593800000381,28.270833333333332,0.9860568878973787,1.0,17.0,97.0,83.0,220.83333333333331,104.68745803030914,26.25502008032129,0.8480189976252969,0.8972756810797301
11,1,0.03115264797507788,False,4.12528045128652,0.17195539989128716,13.222648464278333,3.172516803584765,287.50000000000006,2.903659447348768,3.7725187487993734,141.06673032041596,3.875585593375798,3.686835420345526,58.98969500000021,55.791666666666664,0.9978563772775991,0.0,13.0,177.0,162.0,208.33333333333334,104.75585356613614,27.649176954732507,0.9457550501483261,0.9937844328294957
11,2,0.013944223107569721,False,3.916983019933622,0.14545985970879682,4.1065373353798424,3.708927231807952,241.78802588996763,3.708927231807952,3.323312067211773,140.90932758174762,3.60459061145544,2.7205943357460334,29.221699499999886,27.770833333333332,0.9988455988455989,0.0,2.0,103.0,103.0,216.66666666666669,103.86892608779226,25.525889967637543,0.950242372398061,0.9854576561163387
11,3,0.0628064609172195,False,4.265046580033862,0.24754253446626587,21.80574954325568,2.902666556592091,315.1592718998862,2.585651779080327,3.672594737003919,136.64899129790885,4.931052611553025,3.5615257873010893,112.81428300000152,100.94166666666666,0.9866507655612834,0.0,41.0,293.0,261.0,237.5,101.83362543638118,28.240740740740744,0.8947407297976068,0.9571576303737628
11,4,0.06554136253041362,False,4.34295363674526,0.2122373791088294,15.576515343446761,3.3074935400516794,268.671875,3.1421188630490957,4.3415679769208655,153.843911061618,4.460444784432824,4.326655277741817,53.92733750000116,48.375,0.9920260374288039,1.0,14.0,160.0,152.0,214.58333333333334,112.53913444183854,30.97587719298246,0.8970099667774086,0.95163782447466
12,1,0.0,False,2.949599374409565,0.080321490616653,0.0,3.46215954354613,261.0074626865672,3.384648508989127,3.292675644980226,136.702886943688,3.6264926533141053,2.7661690342536613,39.500929999994696,38.704166666666666,0.997489014438167,0.0,0.0,134.0,131.0,206.25,99.1223224280577,27.099236641221374,0.9797489716274654,0.9995781480700274
12,2,0.0007321984257733846,False,3.153026282590688,0.09896615242143861,0.0,3.508903467666354,257.2649572649572,3.3289597000937206,3.8844348773981747,156.8397194296157,3.3107465351397565,4.0160704771824465,23.049474000014015,22.229166666666668,0.9941381205348965,0.0,0.0,78.0,74.0,216.66666666666669,112.41698093682727,28.09684684684685,0.9643890093998554,0.987707881417209
12,3,0.02265988987717069,False,3.2120533880730533,0.09222964279626504,11.544764683958771,1.8360803285143723,517.0036764705882,1.6200708781009168,3.6183732966708884,141.80326451081055,6.202555234236318,3.8175628380348794,77.95741400000406,74.07083333333334,0.9899241603466955,1.0,15.0,136.0,120.0,293.75,103.54844507543595,27.98611111111111,0.9501336183858899,0.9915553180117584
12,4,0.08059576001441354,False,3.024565008306773,0.12658043725957716,12.223148238875657,1.9802250255710876,477.892561983471,1.7183770883054894,3.135925653945249,130.25710538376165,5.578494259726349,2.929010501816509,68.72206600001664,61.104166666666664,0.988634136782285,1.0,14.0,121.0,105.0,279.1666666666667,97.26264632362593,26.58730158730159,0.8891111919485873,0.9290651145871226
13,1,0.00715086932136848,False,3.9514552951177233,0.12832750969558865,2.0586354796195807,3.2210065645514225,283.5371376811594,3.2210065645514225,3.190534558162799,132.1094092930809,3.8485367312433434,2.5323722788888117,58.29103850001411,57.125,0.9991526620533823,0.0,2.0,184.0,184.0,237.5,99.03861987262039,25.815217391304348,0.9799857040743388,0.9985704074338814
13,2,0.0018088634308109737,False,4.333016545080058,0.17500960611093905,0.0,3.405582410728208,260.7600732600732,3.5178543583346324,3.930462717020691,156.27306879071145,4.149010656158563,2.8867881082826,27.477524499990977,26.720833333333335,0.9984898822108125,1.0,0.0,91.0,94.0,220.83333333333331,114.02220522089331,28.324468085106382,0.9724033358605004,0.9993935718617344
13,3,0.15985657727646224,False,4.284112485093974,0.2274179226565794,18.175858369598313,2.7939876215738284,323.68143459915615,3.3127026230474503,3.123846391640133,135.87990105424484,5.22705928695724,5.490718871204954,108.93570800000452,84.825,0.9467858095492131,2.0,33.0,237.0,281.0,241.66666666666666,101.32856523547692,22.820284697508892,0.7786574870912221,0.7928555037099365
13,4,0.10707547169811321,False,3.9710885779132625,0.1676533533364428,6.901320933530269,2.952961672473868,290.48672566371675,5.54006968641115,1.9043177332308756,93.66314650572379,3.4968854349901446,2.565427907512401,43.46993900000234,38.266666666666666,0.9938721605916535,1.0,5.0,113.0,212.0,216.66666666666669,76.70268418379554,15.84119496855346,0.8802837151346689,0.8807743914126893
14,1,0.0035204380989634267,False,3.2474235362440718,0.10937529593851197,0.9550869334849396,2.844636002424406,324.3371212121212,2.8769614115428648,3.2196805358839238,147.42605343422113,4.532129433131991,2.7720682204723075,62.82150650001131,61.87083333333333,0.9993457638207393,0.0,1.0,176.0,178.0,250.0,105.35963675928025,24.859550561797754,0.9848123093248441,0.9997347128266348
14,2,0.00469663567526119,False,3.207355554513956,0.08562252963854006,1.3953897578251462,3.0256104824300176,303.5761154855643,2.9779630732578917,3.6059566648397916,152.55421364478087,4.187947829485669,3.5821837382092463,42.99873900000239,41.975,0.999133281972265,0.0,1.0,127.0,125.0,250.0,108.99080152720938,25.733333333333338,0.9761627906976744,0.9998062015503876
14,3,0.03340778256629652,False,3.2505211930672417,0.09429661707496122,0.9244259983796318,2.3279927751948355,403.5201149425288,2.2477171622570826,3.325513658208692,142.81055518743793,3.8039526304727214,3.0834801862367835,129.81028249999508,124.57083333333334,0.9962899078985908,0.0,2.0,290.0,280.0,291.6666666666667,102.58494234487283,25.84821428571429,0.9596212485957311,0.965207343689819
14,4,0.11475300177263453,False,3.4939129978263224,0.1418119304192206,7.363131202632167,2.712568393306442,336.8521790341578,2.607132872718559,4.062659179716041,166.07809600333562,5.6384404360855775,6.419139402958047,122.23060750000877,104.32916666666667,0.9626341242254798,2.0,15.0,283.0,272.0,241.66666666666666,115.28724281635398,28.768382352941178,0.8535246795745841,0.88014725934006
15,1,0.0708140691753965,False,2.481667663863426,0.09991421797203343,24.06997175169646,3.089989888776542,299.5200698080279,2.6370070778564205,3.0319131625563633,130.42239492059448,3.014320594284394,2.5457314622630993,69.79650900012348,61.8125,0.9947723121496505,1.0,28.0,191.0,163.0,229.16666666666666,97.75791971415545,24.25869120654397,0.8855659025787965,0.9646609360076409
15,2,0.0413745704467354,False,2.620257142685444,0.0961299533178625,15.969638788797596,3.5294117647058822,257.2164948453608,3.2019405700424497,3.3026035473862296,144.006052758443,3.3927009636429974,2.5368860643138804,30.0570355001837,27.483333333333334,0.9958416977344422,0.0,8.0,97.0,88.0,216.66666666666669,105.29960339078917,24.668560606060606,0.9143332409204324,0.980593290823399
15,3,0.1231774761186526,False,2.5393210925258036,0.2072221521222816,32.28022680089302,3.1293881644934802,290.98557692307685,2.437311935807422,3.8427865717882965,145.95841738555063,3.2771137660364222,2.953483249575072,40.89190599997528,33.233333333333334,0.9904816513761467,1.0,22.0,104.0,81.0,239.58333333333331,106.61977474293484,29.11522633744856,0.8126337238920021,0.9244091279543603
15,4,0.19912160307438925,False,2.891769313585011,0.1925731163976113,33.003984647569254,3.28472066412385,273.4517304189435,2.710343280233341,4.722128629646849,187.24173759547753,4.073134340744921,4.4489116206050054,74.536454499932,55.7125,0.9794351521798739,3.0,41.0,183.0,151.0,229.16666666666666,132.06268058301802,29.552980132450337,0.7474425624685561,0.8197875908328676
16,1,0.01908321857170962,False,3.322503229636452,0.1453086706673473,5.564681762465446,4.195804195804196,211.56862745098044,4.097079391197038,3.0811329102087512,144.94529277889032,3.3261881193673095,2.458064532986321,21.564575499971397,20.258333333333333,0.9857601283594063,0.0,2.0,85.0,83.0,183.33333333333331,106.08770603655532,25.251004016064254,0.9393353941267388,0.999613601236476
16,2,0.011244520678482943,False,3.725858938455499,0.18655513348136743,2.7006888647035696,4.0102221348535485,222.79411764705887,3.915863966974641,3.1756639142637257,145.82632437043276,3.413980752315549,2.6555276707272557,22.21655400004238,21.195833333333333,0.9876638396299152,0.0,1.0,85.0,83.0,195.83333333333334,106.53491311276085,23.594377510040157,0.9540510127531883,0.9996249062265566
16,3,0.028314768235716853,False,3.2857126164861556,0.19013197449017963,10.459878312574057,3.1857592265786847,288.2225433526012,3.0016112944065063,3.097135371908704,135.9514887393026,2.976634232956821,2.572104176880837,57.3620439999504,54.30416666666667,0.9926040973300791,1.0,10.0,173.0,163.0,212.5,100.40951274046384,25.178936605316977,0.9466840996586039,0.9912841371295759
16,4,0.02364164247200332,False,3.1736406344860146,0.1448726837742858,7.984922337276413,3.6013986013986012,251.415857605178,3.4615384615384612,3.0257695482199143,131.72353364590398,2.7429000127688905,2.071327778290554,30.05664800014347,28.6,0.9868309260832625,0.0,4.0,103.0,99.0,195.83333333333334,98.94425784674596,24.537037037037038,0.9095004637604346,0.9554848966613673
17,1,0.008166879858309554,False,3.0220582979683073,0.157858620827521,2.855636678773568,3.0942392305331015,298.80952380952385,3.020566867901361,2.6501295461509233,115.26412177877081,3.0806221279235144,2.9433224178529245,42.02215249999426,40.72083333333333,0.9919642857142857,0.0,2.0,126.0,123.0,241.66666666666666,89.18637026451167,23.204607046070457,0.9689668847907992,0.9906801507039461
17,2,0.0002016942315449778,False,3.193043923064249,0.16486082934552404,0.0,3.8550247116968697,232.95940170940167,3.706754530477759,2.948424277356209,125.74765508832657,3.161837385850955,2.358033824435789,20.962306500063278,20.233333333333334,0.9905184587452088,0.0,0.0,78.0,75.0,206.25,94.03641456996797,25.72222222222222,0.9652156628900815,0.9996025437201908
17,3,0.24324987727049582,False,2.950535227903822,0.2316587845518542,24.692034479027587,2.863116467839134,325.085910652921,2.3022998401180663,2.492036824722745,106.04431584163595,2.7953566866044266,2.4123890128442174,51.02860199997667,33.87916666666667,0.9100443291166612,1.0,21.0,97.0,78.0,258.33333333333337,83.32759455293503,23.4508547008547,0.6639176941291745,0.701175702155454
17,4,0.486064507293022,True,,,,,,,,,,,,,,,,,,,,,,
18,1,0.003999515210277542,False,2.805797875472563,0.08875654043479947,1.74164107349261,3.436322532027129,267.90935672514615,3.2554634513941223,2.392297166653199,108.98909508271863,2.5485328880075846,2.258298111640147,34.45026700000744,33.175,0.9922122170844487,0.0,1.0,114.0,108.0,212.5,83.45613001371284,22.685185185185187,0.9628733825130004,0.9995163240628778
18,2,0.00253204620984333,False,3.481747179459511,0.16956853717443063,0.0,4.175930401159981,213.77314814814812,3.9826002899951667,2.973337326466686,130.8515637731872,3.1437025021923146,2.257025242492139,26.611677499953657,25.8625,0.9881009043312708,0.0,0.0,108.0,103.0,175.0,95.61560332523642,26.132686084142406,0.9718177548144669,0.9993738259236068
18,3,0.029060451565914056,False,3.049690834229432,0.15885424226416958,1.0697799640916956,3.2291988864831427,285.96743295019155,3.117847200742345,2.570412512669776,119.75128477724627,3.32019231101071,5.178198676059014,56.086299999966286,53.88333333333333,0.9927987397794614,0.0,1.0,174.0,168.0,212.5,90.04973611792937,22.71825396825397,0.7916743189470462,0.09904505386875612
18,4,0.14063998604935044,False,2.7755918939909403,0.18472264630513754,5.077194511549712,3.128394525309581,290.34722222222223,2.8676949815337824,3.6918834660280813,142.32044913863209,3.364927231401701,4.0721634766884245,47.270200000028126,38.358333333333334,0.952922077922078,0.0,4.0,120.0,110.0,233.33333333333334,104.01552238337956,28.750000000000004,0.7527391659852821,0.3803761242845462
19,1,0.0,False,3.466000962405923,0.12222705991367214,0.0,3.8056883966775734,233.06878306878306,3.835892272841681,4.04464420188316,184.38479240107344,4.329923274676613,2.594794549471459,33.806081499991706,33.108333333333334,0.999634324719649,0.0,0.0,126.0,127.0,170.83333333333334,125.85715943667725,26.837270341207347,0.9792950456001972,0.9997535124476213
19,2,0.0007977662544874351,False,3.507203517129574,0.15334049354355983,0.0,3.8236505974454063,233.08189655172416,3.9225381128965804,3.5108343243764906,162.93499548398765,4.310488165921019,2.6615889719022885,31.02570499999274,30.3375,0.9998669328010645,1.0,0.0,116.0,119.0,193.75,114.02633676645668,24.404761904761905,0.9777091446219954,0.9994629430719656
19,3,0.20858939040757224,False,3.944235607454289,0.30919009649120727,11.404317456871068,3.7186590290168096,231.969696969697,3.7186590290168096,4.996730120551474,186.7514683217868,8.063919480525138,7.3530918371539045,57.872818999996525,44.37083333333333,0.9520706890396287,2.0,11.0,165.0,165.0,187.5,129.73063910414706,31.641414141414145,0.7666666666666667,0.803023758099352
19,4,0.0271875,False,3.7272293693695366,0.15906786785061444,4.560987529815472,3.8440296034463715,228.9942528735632,4.056113995360654,3.9662482309359204,169.25663924003445,4.125050726432391,3.048431087057756,39.465137500010314,37.72083333333333,0.9925045508084377,1.0,3.0,145.0,153.0,187.5,118.37875180886786,25.762527233115467,0.9557643581081081,0.9917652027027027
20,1,0.004776119402985075,False,4.014690467496671,0.23029624846434282,2.132578267933098,3.7149425287356324,240.18151815181514,3.7149425287356324,3.0602581309035615,124.69855426900561,3.8786408115758744,2.716168974230415,28.134957999995095,27.1875,0.9911517696460708,1.0,1.0,101.0,101.0,204.16666666666666,92.24381252966815,26.15511551155116,0.9662372278987117,0.9991116375481196
20,2,0.008457511075312122,False,4.115828500736296,0.1846111980329879,3.845302148700505,3.6641221374045805,243.97727272727275,3.6974323386537127,2.8003075462039524,120.18151796208033,3.3702526912093136,2.219519885026078,31.206910500011873,30.020833333333332,0.9899810452206877,1.0,2.0,110.0,111.0,218.75,90.6394083496705,24.962462462462458,0.9619492656875834,0.9909212283044059
20,3,0.1634516513799202,False,4.230652332912255,0.24527485277634298,24.58525867889288,3.0551626591230554,298.50823045267487,2.5899732830425903,3.283627736566909,128.76033260401604,4.336124056845136,3.628178151203739,100.05996000001323,79.5375,0.9852991789173509,1.0,41.0,243.0,206.0,225.0,95.82544587472927,26.496763754045304,0.7948782011242973,0.8406895403064624
20,4,0.15214180206794684,False,4.895235646725295,0.2124760087200045,22.45441294876479,3.317777582107951,270.8333333333333,2.937395438936339,3.5706213964379256,149.76264254027743,3.991162309568899,3.5213657784104555,58.78577200000291,47.32083333333333,0.9839887174381948,0.0,22.0,157.0,139.0,208.33333333333334,106.9587611369505,27.45803357314149,0.8049471968247218,0.8609496810772502
21,1,0.006252404771065794,False,3.7712911422489315,0.15827673723856978,2.798352992032424,2.848593656493118,321.2885154061626,2.7289048473967683,3.8298256867873572,133.86680242631087,4.201686671789542,4.104820936300744,42.882367000041995,41.775,0.9968057303262027,0.0,2.0,119.0,114.0,258.33333333333337,98.04581264721423,29.605263157894743,0.9741546832491256,0.9998056743101438
21,2,0.0036144578313253013,False,3.7148199073579753,0.21201783145963118,1.4568138815121487,2.954992240041386,312.04481792717087,2.8804966373512673,2.9802061738466423,122.93080835451833,3.585305317924965,2.881816175003438,41.18576900003245,40.270833333333336,0.9959693671906489,1.0,1.0,119.0,116.0,250.0,93.41792352553192,25.790229885057474,0.9777440566514921,0.9997976937082743
21,3,0.0721522204873089,False,3.9711425143066217,0.13378622309848148,23.418004573560687,2.4132176234979976,388.6756569847857,2.032710280373832,3.0105359320815204,125.7276793011469,3.156726438217458,2.515145059423488,112.73377250001067,99.86666666666666,0.989628991859737,0.0,44.0,241.0,203.0,275.0,93.84043891945758,25.266830870279144,0.8858336105259268,0.9492201936580679
21,4,0.21956022317033147,False,4.1642704307589895,0.2948202268762464,27.082336635855054,2.697167973627691,343.1851851851852,2.013885420308676,3.7504479516866915,147.6705269867239,5.687482349412864,3.8601442028861808,112.98877350002294,83.42083333333333,0.9603775348098309,3.0,51.0,225.0,168.0,266.6666666666667,106.96240932152848,27.207341269841272,0.7382919094328491,0.6990928534552696
22,1,0.0011356597150526534,False,4.204583706586056,0.18875557722633893,0.0,3.3073848095939407,275.0318066157761,3.5851041447506837,2.7463022829985153,124.54016564250033,3.390286940161044,2.547820780564012,40.33082999999942,39.608333333333334,0.9894573643410852,0.0,0.0,131.0,142.0,204.16666666666666,92.6333934685247,22.476525821596244,0.9820247933884297,0.9995867768595041
22,2,0.0005383580080753701,False,4.587715029656583,0.163121575388382,0.0,3.912142561127227,227.33050847457628,3.912142561127227,3.4431603009911886,155.2076929644813,3.8813181573419695,3.3146730375891793,30.86402950000047,30.1625,0.9946135200646378,0.0,0.0,118.0,118.0,197.91666666666669,108.60314620835285,26.341807909604523,0.9771868250539957,0.9991900647948164
22,3,0.009825327510917031,False,4.683591213355554,0.18626041851167566,2.1254183886097975,3.3956268442157826,268.6942959001783,3.341151547249754,3.256426077236573,145.61760442911793,3.7057415646023277,4.583971577133962,56.459472000000005,55.07083333333333,0.9950018375597207,0.0,2.0,187.0,184.0,225.0,105.58449363448361,24.999999999999996,0.9753523725186333,0.9997048406139315
22,4,0.0042488837678237076,False,4.9849551629267905,0.31687525923216053,2.0999877491964702,4.002084418968213,222.80505952380952,3.9306186257723517,3.686857622193272,169.01867948359597,3.9130880968442,4.095895657302545,57.143190499999946,55.97083333333333,0.9949374412381572,0.0,2.0,224.0,220.0,195.83333333333334,117.86931635082423,26.723484848484848,0.9794385709077652,0.99970836978711
23,1,0.004269943761716309,False,3.699091329074947,0.17421890563237222,1.5159035143077393,3.329390257016884,274.031007751938,3.2261533498225616,3.085100897283522,138.0113575949507,3.1983233451473265,2.4504839136063667,39.58035550000022,38.74583333333333,0.9969668444723355,0.0,1.0,129.0,125.0,220.83333333333331,100.07412792560021,25.56666666666667,0.9788421052631578,0.9997894736842106
23,2,0.0004682744088035589,False,3.909742804686056,0.22098992498406342,0.0,3.9759903961584633,225.8454106280193,3.745498199279712,2.9606646831584547,135.8025953311879,3.05742409808155,2.4310314572664398,18.111887000000934,17.354166666666668,0.9950808151791989,0.0,0.0,69.0,65.0,195.83333333333334,97.56782174340643,25.192307692307686,0.9581320450885669,0.9990800367985281
23,3,0.029015544041450778,False,4.2171945228990655,0.19807269834422736,12.790537276288406,3.3200826840515187,274.99999999999994,2.976625854666879,3.798816391070576,175.56062556088597,3.4928355566395357,2.5203558592591717,28.145807500000956,26.204166666666666,0.9910047263302333,0.0,6.0,87.0,78.0,212.5,121.38924070609963,26.49572649572649,0.9310140636565507,0.9994079336885732
23,4,0.025138410893311387,False,4.133076267505329,0.14969707064115806,12.990837129543804,3.2072130091772664,285.54216867469876,2.8208018032522943,3.820657269641797,173.0947108656811,2.924664260054705,2.3890943977303665,27.711840000001757,25.879166666666666,0.9969301611665388,0.0,6.0,83.0,73.0,216.66666666666669,118.39642404063645,27.340182648401825,0.9338445346564427,0.9897775105231509
24,1,0.025145067698259187,False,4.240670193095783,0.21311704363715808,8.70930836943812,2.9177444386963267,314.3173758865248,2.7625452664252457,3.4702843321859564,151.18630586918775,3.139617931541784,2.725755091098042,34.44590399999288,32.21666666666667,0.9947916666666666,0.0,5.0,94.0,89.0,239.58333333333331,108.51971330814625,26.49812734082397,0.9351717464925012,0.9622641509433962
24,2,0.007012888551933283,False,5.18934514487656,0.17254109368160037,2.694934916987216,3.7032640949554896,239.63675213675216,3.513353115727003,4.657944038774385,200.33307387334983,3.8278117557179105,2.9673797378256954,22.26398849998077,21.0625,0.9994273716358084,0.0,1.0,78.0,74.0,212.5,136.20366693230818,29.617117117117115,0.9459206586826348,0.9764221556886228
24,3,0.2284507042253521,False,5.282291298307071,0.2477306231298673,17.435217015378672,3.3468913422428823,267.9398148148148,2.95177222545032,4.642621193658033,181.74744124668163,5.125858841580209,5.436693442463831,58.50228299999435,43.025,0.9809236947791165,2.0,17.0,144.0,127.0,239.58333333333331,127.00111427604503,29.2979002624672,0.7354177052916459,0.7541660732089446
24,4,0.15900072461267728,False,5.145002884655116,0.25042230009808414,18.720944430156575,2.6325026325026326,347.6166666666667,2.327132327132327,4.840239981770084,174.64630758656492,5.97031721854966,6.503625212536243,118.58376100000169,94.96666666666667,0.972182332909367,2.0,37.0,250.0,221.0,277.08333333333337,124.97163010268089,29.864253393665155,0.8008151505569024,0.8223596374112853
25,1,0.007358679897424462,False,3.7846467220063316,0.12623588557512816,1.6232495874071664,3.6632747456059205,251.57828282828288,3.5800185013876042,2.65778250238786,133.93023306353223,3.891267213957913,2.998795744700405,36.962892499999725,36.03333333333333,0.9985398180388633,0.0,1.0,132.0,129.0,206.25,98.57604830031806,20.44573643410853,0.9747520288548241,0.9921100090171325
25,2,0.007195507195507196,False,4.0469713338725635,0.14927039320499344,0.0,3.7805540467137426,237.30842911877397,3.910917979359044,3.245530056366514,157.33548395550298,3.301183694729212,2.660687802809865,23.759043500002008,23.0125,0.9982322785928938,0.0,0.0,87.0,90.0,208.33333333333334,113.3171458354085,22.824074074074073,0.9684376643871646,0.9992987377279102
25,3,0.15884373211219233,False,4.521072250627955,0.17230173280427075,15.958721562773826,3.2210927573062262,285.45364891518733,3.0114358322744597,3.18910381585198,157.16426816713968,4.22515103398587,2.1758835005448907,71.43429350000224,52.46666666666667,0.8904389248043553,1.0,19.0,169.0,158.0,237.5,112.67003511944914,22.78481012658228,0.7344415281423156,0.7492126443485361
25,4,0.07508151707568217,False,4.163968774238383,0.14505768254151294,18.83474497305279,3.0279503105590067,306.21794871794873,2.678571428571429,3.0745205902854305,151.40462917001346,3.6111038186933926,2.611323289445701,47.78402900000219,42.93333333333333,0.9960107616662028,0.0,15.0,130.0,115.0,235.41666666666666,108.46544558332187,22.427536231884062,0.8984218327665882,0.9356582388840453
26,1,0.009336609336609337,False,3.876155999310404,0.1743657017991373,0.0,3.6542040263914735,244.44444444444443,3.735408560311284,3.2274021271961995,143.17167552035076,3.285340152819163,2.29896368056934,25.325850500026718,24.629166666666666,0.9991732804232805,0.0,0.0,90.0,92.0,210.41666666666666,102.91702449576538,25.36231884057971,0.9723638756374404,0.9993421052631579
26,2,0.019139354515886914,False,4.153014598435127,0.1802149024675504,7.255656033291808,3.977900552486188,224.6693121693122,4.04104183109708,2.9188057045274225,136.4693855093919,3.3502209889723416,2.3765328013428237,33.0776429999969,31.675,0.9985971177145773,0.0,4.0,126.0,128.0,191.66666666666669,100.22458737015562,22.981770833333332,0.9575513288827309,0.9994962216624685
26,3,0.035801018409714065,False,4.652895279158622,0.20863882614491353,9.180154449211358,3.055767761650115,300.8333333333333,2.974280621339445,3.0336318003735476,134.24622795834063,3.5149721931036173,2.7563336704979244,52.286702000012156,49.0875,0.9941501462463438,0.0,8.0,150.0,146.0,225.0,99.9862000121351,24.08675799086758,0.9387999043748506,0.9745019920318725
26,4,0.04624052846318244,False,4.307020854519859,0.16798734585833486,18.462986440380195,3.2246180517932603,281.7876344086022,3.0685881460613285,3.039755370000655,141.21996658905564,2.919172750000611,2.127162590797413,42.24668649997329,38.454166666666666,0.9866571603177836,0.0,13.0,124.0,118.0,204.16666666666666,102.60943394841014,23.834745762711865,0.9101577909270216,0.9755424063116371
27,1,0.0005410523468145543,False,3.4791783402171244,0.11732031820390112,0.0,3.2944406314344543,283.4583333333333,3.1297185998627315,2.4479492910911835,122.25208239104286,2.7022916239838213,2.506736649027121,31.007374999986496,30.354166666666668,0.9866017052375152,0.0,0.0,100.0,95.0,195.83333333333334,91.9402731139254,20.263157894736842,0.9789035205589895,0.999731255038968
27,2,0.0012828736369467607,False,3.8753366930022897,0.1791419822091657,0.0,3.825172527111403,237.58591065292097,3.864607295432139,2.911396542039542,146.53190708179395,3.1261808569636074,2.5785329210796872,26.369330000015907,25.358333333333334,0.9947013487475915,0.0,0.0,97.0,98.0,200.0,105.81119261405803,21.768707482993204,0.9616053088955602,0.9797788309636651
27,3,0.14466803993028046,False,4.018994899329886,0.18863482113324498,14.800532928652668,3.164222168790575,291.62867274569396,2.7891320028853093,3.2275219160117152,143.5305106892067,6.487576765590761,5.745638528048257,129.7250584999565,103.975,0.9462763986661726,0.0,32.0,329.0,290.0,216.66666666666669,104.83687457424581,22.586206896551722,0.8014774369680424,0.8428186022610483
27,4,0.06531492666091458,False,3.9894920987887796,0.14366508202322958,16.301342606787554,3.4941279239056584,265.0,3.121420945355722,2.847399673326065,138.59122004523084,3.3718408545836325,3.2162476036263183,47.848819500009995,42.92916666666667,0.9903997046062956,0.0,13.0,150.0,134.0,204.16666666666666,102.47245565741305,20.8955223880597,0.897161267850923,0.9461859979101358
28,1,0.039699782737507405,False,4.303732439412639,0.16353694003189925,1.4409134872797804,3.0808402291534054,296.07438016528926,3.05537873965627,3.7886764949875005,176.04557625537686,3.7119977316065906,2.737474974874232,41.640251499949954,39.275,0.9976347182229535,0.0,1.0,121.0,120.0,241.66666666666666,120.76941070026429,26.041666666666668,0.9431658995397239,0.9677806684010406
28,2,0.003013344812742144,False,4.3489983365234455,0.17453957237369716,0.0,3.840853523005112,232.81249999999997,3.6274727717270503,4.583021169782621,198.51714515604453,3.5617927790192945,5.600965646976527,19.432070999988355,18.745833333333334,0.9993523316062176,0.0,0.0,72.0,68.0,187.5,133.46820484901562,27.941176470588232,0.964622641509434,0.9995711835334476
28,3,0.07516459400146305,False,4.280739549686198,0.12814716113182148,12.013919727869247,2.790407972594207,332.5892857142857,2.566178760510744,3.380448217376598,160.86884246828694,3.4686391141486306,2.5476045017260254,44.947861499967985,40.1375,0.9942653747280996,0.0,9.0,112.0,103.0,252.08333333333331,112.40539274281778,24.474110032362464,0.89293659621802,0.9325176121616611
28,4,0.14446089316555638,False,4.68225340129136,0.13851055914779484,17.941376820350428,3.2310838445807772,281.27637130801685,2.8220858895705523,4.187956490903732,203.98391379541775,3.21685824146574,2.731831733742439,33.44224950001808,24.45,0.8797404470079307,0.0,10.0,79.0,69.0,204.16666666666666,136.81672815126032,25.845410628019323,0.7310327644200822,0.7962132536123567
29,1,0.016977128035840602,False,4.021241984354341,0.1493206268352659,1.7047082251191212,3.5491487510873614,253.5714285714286,3.459674412824655,3.512444950878547,153.79399773217932,3.6332987181098524,2.4433008676938814,35.19663900008891,33.52916666666667,0.9992804029743344,0.0,1.0,119.0,116.0,191.66666666666669,109.99824236890203,26.724137931034484,0.9525331439393939,0.9692234848484849
29,2,0.010027946736807496,False,4.249586197945736,0.18950941764853224,0.0,3.8630136986301373,230.0531914893617,3.7397260273972606,4.04831822138665,169.31346805951608,3.751368601983674,4.01217863309124,25.58903349994216,24.333333333333332,0.9966788442377947,0.0,0.0,94.0,91.0,204.16666666666666,117.26349336116627,27.976190476190478,0.9508303484207099,0.9658091826766526
29,3,0.15214366178516997,False,4.368042673777132,0.2400785004114935,20.350131276561797,3.450602409638554,257.9143389199255,2.814457831325301,4.236101081306507,148.21519228758606,4.721743204343763,7.641213826175524,61.916062499862164,51.875,0.9325517780382963,0.0,21.0,179.0,146.0,208.33333333333334,106.97798390387607,31.25,0.8378196500672948,0.7507402422611036
29,4,0.15572397287594736,False,4.748985155629311,0.3522331774805008,15.112728164420055,2.957277042722957,309.016393442623,2.5936774063225934,4.293081768488119,167.09355226327833,5.8179208337311366,5.708284432710584,51.612123999977484,41.25416666666667,0.9763772087309837,0.0,13.0,122.0,107.0,214.58333333333334,120.48220982091844,28.34890965732087,0.7993057237426334,0.8212786567646109
30,1,0.007557289127254997,False,4.123359025880768,0.20691768927490295,1.1895790260262213,3.4326337169939065,264.0039447731756,3.3920108327691265,3.3751029875489693,140.69432087814704,3.682358815960852,3.094760803318056,50.438010999932885,49.233333333333334,0.9968066814050602,0.0,1.0,169.0,167.0,204.16666666666666,102.28670189817167,26.247504990019966,0.976044936395176,0.993226499256567
30,2,0.036374133949191687,False,3.710586099776659,0.2117194394731658,0.0,3.7560975609756095,235.17316017316008,3.8048780487804876,3.4485191219129216,136.5741983253937,3.0788443025432883,2.5083961423184533,21.687982499948703,20.5,0.9952067106051528,1.0,0.0,77.0,78.0,204.16666666666666,101.66277203708779,27.457264957264957,0.9450633883980023,0.9781021897810219
30,3,0.07956561856767691,False,4.148128822553419,0.2427038546529778,5.2047202544924644,2.9837424290723624,304.86111111111114,3.098501753267453,3.231511949591666,138.4371356090183,3.0305897988545025,2.273565099066434,57.63998549990356,52.28333333333333,0.996529919802591,0.0,5.0,156.0,162.0,256.25,100.6809315799482,26.363168724279834,0.9070406245482145,0.9165823333815237
30,4,0.21690672963400237,False,4.314301827882538,0.21096760183927116,4.865499577738221,3.1989545900032668,281.92401960784315,3.1989545900032668,3.3705071614252913,140.00306897454345,3.377263642949691,3.061653362053248,86.32207100000232,63.770833333333336,0.9277529851646363,1.0,7.0,204.0,204.0,220.83333333333331,102.36069734980711,26.57271241830065,0.738729607104933,0.7305724490780964
31,1,0.039699782737507405,False,4.303732439412639,0.16353694003189925,1.4409134872797804,3.0808402291534054,296.07438016528926,3.05537873965627,3.7886764949875005,176.04557625537686,3.7119977316065906,2.737474974874232,41.640251499949954,39.275,0.9976347182229535,0.0,1.0,121.0,120.0,241.66666666666666,120.76941070026429,26.041666666666668,0.9431658995397239,0.9677806684010406
31,2,0.003013344812742144,False,4.3489983365234455,0.17453957237369716,0.0,3.840853523005112,232.81249999999997,3.6274727717270503,4.583021169782621,198.51714515604453,3.5617927790192945,5.600965646976527,19.432070999988355,18.745833333333334,0.9993523316062176,0.0,0.0,72.0,68.0,187.5,133.46820484901562,27.941176470588232,0.964622641509434,0.9995711835334476
31,3,0.07516459400146305,False,4.280739549686198,0.12814716113182148,12.013919727869247,2.790407972594207,332.5892857142857,2.566178760510744,3.380448217376598,160.86884246828694,3.4686391141486306,2.5476045017260254,44.947861499967985,40.1375,0.9942653747280996,0.0,9.0,112.0,103.0,252.08333333333331,112.40539274281778,24.474110032362464,0.89293659621802,0.9325176121616611
31,4,0.14446089316555638,False,4.68225340129136,0.13851055914779484,17.941376820350428,3.2310838445807772,281.27637130801685,2.8220858895705523,4.187956490903732,203.98391379541775,3.21685824146574,2.731831733742439,33.44224950001808,24.45,0.8797404470079307,0.0,10.0,79.0,69.0,204.16666666666666,136.81672815126032,25.845410628019323,0.7310327644200822,0.7962132536123567
32,1,0.01582928146947596,False,3.402744418635127,0.11030211466709547,1.5828718701204607,2.0009013068949977,475.39414414414415,1.9333032897701667,2.5693156221702975,103.63210802106698,3.282821628061594,2.063293209072148,75.81156900012866,73.96666666666667,0.9930833836526322,0.0,2.0,148.0,143.0,287.5,81.33523823755858,24.41724941724942,0.9756526518274251,0.9851615739723016
32,2,0.011395629440943826,False,4.056665855790583,0.2510756328152342,0.0,2.950683796104434,307.16292134831457,2.8180687940323246,3.618045428379578,128.9040927939087,3.8338078913834246,3.625304344753442,31.375141000025906,30.1625,0.9868456739896935,1.0,0.0,89.0,85.0,270.8333333333333,96.30154454540082,30.0,0.9612269286947285,0.9994689325544344
32,3,0.02492573338284441,False,3.674108413134545,0.13773858077039072,10.148676646965937,2.248050610563484,411.8019197207679,2.0597322348094744,4.088385546088687,138.6330118370477,5.477651514732759,3.9386054102520114,88.68151299993042,84.9625,0.9885276336459276,1.0,15.0,191.0,175.0,287.5,102.85519422627935,33.23809523809524,0.9580436008269122,0.9999060327006202
32,4,0.03855810616929699,False,3.931861321307332,0.2549952350887344,15.70211816938164,2.3585502310873268,391.8729372937294,2.054974458769156,4.234235037985428,142.65871964323304,5.417761374468707,3.775252800547296,91.70737250009552,85.64583333333333,0.9878753963812722,0.0,24.0,202.0,176.0,281.25,105.8126684565701,33.16761363636364,0.9338936846887779,0.9939118582462517
33,1,0.013168208183100799,False,3.926409294839273,0.3371344019942032,0.0,3.3738019169329077,267.5662878787879,3.3738019169329077,3.902498867458125,168.95459366483735,4.000588839161251,2.6862685862645828,27.01604550005868,26.083333333333332,0.9760127084988086,1.0,0.0,88.0,88.0,231.25,120.48168829690832,26.609848484848488,0.9654534238124615,0.9861196792103639
33,2,0.026493418832264595,False,3.964134782124245,0.24200359375255706,4.762251631451117,3.1871396120915603,285.3618421052632,3.019395421981478,3.841562358001724,165.43689204569282,4.505981812177415,2.9266223911396283,25.198164500063285,23.845833333333335,0.9805858901022707,0.0,2.0,76.0,72.0,247.91666666666669,117.69914109516282,27.314814814814813,0.9462632275132276,0.97255291005291
33,3,0.017401960784313726,False,3.9792423888853494,0.16786485250207,5.240728496210371,3.2133383857521793,282.62578616352204,3.1830238726790454,3.713327647922677,161.75682275384835,3.4329652352651063,2.826100148576766,34.34636999992654,32.9875,0.9829134447493141,1.0,3.0,106.0,105.0,239.58333333333331,115.73720036034524,26.111111111111118,0.960334788937409,0.9995147986414362
33,4,0.024022292687614105,False,3.7047741297122267,0.17593817112694862,9.61495889811262,3.285685524461446,277.4816176470588,3.1890477149184617,3.5036054267180674,155.9703992628682,3.613286874803504,2.621191446336345,43.68193399999291,41.391666666666666,0.9837550457812346,1.0,7.0,136.0,132.0,233.33333333333334,113.51294437619727,25.252525252525253,0.9475391072109882,0.9990461655856543
34,1,0.00037290242386575515,False,2.272003810840343,0.16016713157145532,0.0,2.8347669790730516,323.77717391304344,2.8655796636281936,3.057276647808907,126.38765266155929,3.0559419199127555,2.4828207302915573,33.296200500102714,32.454166666666666,0.9998756528226809,0.0,0.0,92.0,93.0,262.5,96.16133651369391,26.38888888888889,0.9745995995995996,0.9997497497497497
34,2,0.0012559307842590008,False,2.484014008048688,0.19451442065718066,0.0,3.111047097796342,291.66666666666663,3.0764799078208265,3.4061197428837624,140.6775767412604,3.4441905339147394,2.832817941672978,29.637330999947153,28.929166666666667,0.9994411066089144,0.0,0.0,90.0,89.0,237.5,102.33717385117541,28.277153558052433,0.9761000984113595,0.9991565926342424
34,3,0.0,False,2.2058084997240437,0.03898555657552612,0.0,3.386759581881533,269.49588477366257,3.1777003484320554,3.1040635051851933,125.15579183622405,3.2560668203688508,2.548329714180454,24.64194200001657,23.916666666666668,0.9998313374936751,0.0,0.0,81.0,76.0,208.33333333333334,93.63127469959953,26.370614035087723,0.9704142011834319,0.9993238674780257
34,4,0.012872379551305628,False,2.85721543127761,0.22487355608040369,8.062088021014175,2.6432748538011697,349.55752212389376,2.456140350877193,3.5501134676692163,143.505055402306,3.7497202156315987,2.9081657918623827,44.65344449994154,42.75,0.9992548435171386,1.0,6.0,113.0,105.0,225.0,104.33279834928537,28.333333333333336,0.9573574694410749,0.9938421347266281
35,1,0.013289511288939697,False,2.9188314180618185,0.07935564101475714,2.032803588669964,3.4037524006500224,265.3211805555556,3.4037524006500224,3.2332296891087977,134.88745729594154,3.29965075029812,2.369429208562357,29.51588650001213,28.204166666666666,0.9853729181752353,0.0,1.0,96.0,96.0,222.91666666666666,100.23079104849897,26.51909722222222,0.9555335968379447,0.9827780914737436
35,2,0.0,False,2.9546290950181455,0.10773484441797722,0.0,4.0046430644225195,222.7173913043478,3.9698200812536277,3.049376919888751,121.4108958316866,3.6211825112832376,2.312250009140727,29.523846499971114,28.716666666666665,0.9920511000709723,0.0,0.0,115.0,114.0,200.0,92.4519740499175,26.023391812865498,0.9726220716906576,0.9898391193903472
35,3,0.041148082296164595,False,3.0209754352409934,0.07936159342802855,6.1670148494704975,3.231361055138304,280.61224489795916,2.901630335226232,3.7862037851907018,141.7031616657052,3.815194183146462,3.0393195931433734,48.645902000018395,45.49166666666667,0.994878587196468,0.0,5.0,147.0,132.0,216.66666666666669,103.42729282731632,29.766414141414142,0.9350805070229531,0.9792737238780405
35,4,0.013744075829383886,False,3.1699695827700594,0.0917805617136681,5.099265922426385,3.3366141732283463,270.8333333333333,3.218503937007874,3.5568950364976404,144.56922051860303,3.6477086385696684,2.4647400256986964,35.299198499997146,33.86666666666667,0.9869053339740509,0.0,3.0,113.0,109.0,208.33333333333334,104.78525908839701,28.287461773700308,0.959395656279509,0.9848914069877243
36,1,0.03551427400628329,False,5.029655224019766,0.8595774662829869,0.0,3.5323801513877204,250.79365079365078,3.6333052985702268,4.299741195112587,180.98125127479355,4.482725365776633,3.1763804816959516,30.91878900001757,29.725,0.967568333097295,3.0,0.0,105.0,108.0,200.0,125.35072618426994,28.43364197530865,0.9613259668508287,0.9132309350579358
36,2,0.02701789935832489,False,4.791581228421038,0.1663521526091628,0.0,3.531244590617968,254.95098039215685,3.3235243205816167,4.110800505558248,173.56242882521178,3.8096171770526697,2.8994723181472795,25.070245500013698,24.070833333333333,0.9779590419993058,0.0,0.0,85.0,80.0,208.33333333333334,123.22609058677934,28.07291666666667,0.9601130131294665,0.9873712196743104
36,3,0.10801801274928359,False,5.140187736519458,0.5180917312750996,5.087056062153416,2.8040361125862985,320.07575757575756,2.8040361125862985,4.891597197876104,187.76669472520777,4.021729852580843,5.120961334189627,70.76784600003157,62.766666666666666,0.9744295830055075,4.0,6.0,176.0,176.0,258.33333333333337,128.91497554532455,31.486742424242426,0.8869002060641743,0.842458495231367
36,4,0.11936825777339068,False,4.8957004089496845,0.5107981952750785,11.197233387578022,3.0122249388753057,298.5660173160172,2.8753056234718826,4.842916799727889,193.7431535552027,3.643849982446602,5.801715136776755,58.94313149998197,51.125,0.9782225780624499,4.0,11.0,154.0,147.0,250.0,132.30173326738745,31.32086167800454,0.8673216936452959,0.8724908114221092
37,1,0.020423991726990692,False,3.7402804957238245,0.35880145293075766,3.5812836030707524,3.5480464625131996,250.37202380952377,3.5480464625131996,3.3185317817877444,148.01403474885572,2.6002541012872955,2.7586837722490762,16.753769500006456,15.783333333333333,0.9717603589337556,2.0,1.0,56.0,56.0,225.0,107.59591452500835,26.63690476190476,0.9420542153693111,0.9835902536051716
37,2,0.028037383177570093,False,4.251280001129926,0.36909746103895447,0.0,4.160756501182034,202.36742424242416,4.822695035460994,3.359401945140795,141.46609752487512,2.5996720572614858,2.4592965464376855,11.256090500100981,10.575,0.9783653846153846,1.0,0.0,44.0,51.0,181.25,104.49022542362063,25.5718954248366,0.9393042190969653,0.997779422649889
37,3,0.019658020239618473,False,3.958548659590706,0.24483190301593682,3.334461307489542,2.9050814956855224,315.9240924092409,2.847555129434324,3.3309081286482063,146.88898347366535,2.511708741246592,2.4902968953672913,35.98782200005371,34.766666666666666,0.985405790223066,3.0,2.0,101.0,99.0,241.66666666666666,105.41121284149361,27.441077441077443,0.965964343598055,0.9844871498031952
37,4,0.10048774754657108,False,4.011011424598321,0.24905570160298474,5.875243033102525,2.600233553912028,344.0119760479042,3.3008952899961077,3.3117132248291994,137.89940799405903,4.872405117920399,5.588992382970707,71.48640449997038,64.225,0.9616515319788332,4.0,7.0,167.0,212.0,275.0,100.66027182467268,24.095911949685537,0.8984088127294981,0.8731786921552629
38,1,0.002430828626581826,False,2.715169672262049,0.10778264165770117,1.0440656249553997,3.021646296568988,300.2436647173489,3.0039758503902223,3.600487988185273,128.89905718000222,3.780062936514642,3.9087095969564305,57.467651999904774,56.59166666666667,0.9946248118684154,0.0,1.0,171.0,170.0,233.33333333333334,96.35736329295035,29.24019607843137,0.9847023852678896,0.9997100188487749
38,2,0.0008796364169476617,False,2.8231596623073862,0.0908305515554672,0.0,3.3014354066985647,272.55434782608694,3.229665071770335,3.7409303145050843,132.87341301028596,3.45106345616199,4.261529068687513,28.55294999992475,27.866666666666667,0.9901687454145268,0.0,0.0,92.0,90.0,231.25,98.56336375843453,29.212962962962962,0.9759229534510433,0.9994163991829589
38,3,0.05035798568057278,False,2.766849227782678,0.10328632513301143,8.167397540991914,2.87638876738693,316.514598540146,2.6454378444580526,3.648229480123253,121.63526023146387,5.606609450272965,7.783226225202616,102.84793849987909,95.25833333333334,0.9764552270238396,0.0,14.0,274.0,252.0,250.0,92.37824858312277,30.009920634920636,0.9261870037271107,0.9513855128828391
38,4,0.055953121758971165,False,2.9594961022648882,0.1414666302410623,8.303268895066847,2.794453220993505,324.85343383584586,2.668070914516412,3.9020534559624966,131.1769980507378,5.8631848240911735,7.6197420375667235,79.48676699993666,71.2125,0.9501785223839605,0.0,11.0,199.0,190.0,245.83333333333331,98.04681423088864,31.184210526315795,0.8958955810662054,0.9313345214383059
39,1,0.0014200877872450298,False,3.725102546342743,0.12174311055602507,0.0,3.4819645947025157,254.47247706422016,3.5458538533209105,3.706545562304354,140.6597815179756,3.8976735292882307,2.978799347680045,32.04338050005026,31.304166666666667,0.999224305106658,0.0,0.0,109.0,111.0,212.5,103.79198661388682,29.69219219219219,0.9768560655311402,0.999479979199168
39,2,0.0060267272250851605,False,3.517993300034309,0.16439578775150832,1.2700712938667735,3.150176518511813,285.17241379310343,3.3022540056123835,3.2454327473739957,126.24354929325527,3.859662322096203,2.8743948358506497,47.24144249991514,46.02916666666667,0.9985940246045695,1.0,1.0,145.0,152.0,225.0,94.44212286457557,27.38486842105263,0.9743340977244664,0.9941788675251367
39,3,0.066707633483545,False,4.383284891655923,0.1574231829669084,17.017002963911448,3.210763703080804,282.07142857142856,2.8988609433529544,3.3748380581787245,132.49298810413114,4.028466649364896,2.8566501029442484,59.94004950008821,54.50416666666667,0.9948057648694125,0.0,17.0,175.0,158.0,229.16666666666666,98.51434615354628,28.32278481012658,0.9092868066175448,0.9456415959961073
39,4,0.012379989893885801,False,3.703945679474004,0.12772555892192708,3.6662101980375144,3.2059251421769606,280.89933993399336,3.1424414759952386,3.5049101178068227,132.98851608928734,3.52565039497497,2.8242329418197287,32.731347499997355,31.504166666666666,0.9978255308262983,1.0,2.0,101.0,99.0,225.0,99.65456250179788,29.208754208754208,0.962449083503055,0.9913441955193483
40,1,0.01471511888739345,False,3.249343402783488,0.10953602256680214,1.3066922592484058,3.2137840621781066,285.66433566433574,3.123888004494803,3.2658644941090613,146.34960795603862,3.9200788397033546,3.039829572305706,45.917468000086956,44.49583333333333,0.9943538839814224,0.0,1.0,143.0,139.0,233.33333333333334,105.94076314809743,24.850119904076738,0.9689683331821068,0.9907457811649428
40,2,0.016811003565970453,False,3.8969736779461246,0.18007852971131044,2.9539403527295063,2.9507154213036566,311.63793103448273,2.9507154213036566,3.547104207513641,161.10775340848542,4.425762049538479,4.272310135659999,40.623704500030726,39.3125,0.9938860103626943,1.0,2.0,116.0,116.0,247.91666666666669,113.76356412123262,24.928160919540232,0.9676923076923077,0.9893333333333333
40,3,0.20393110268666556,False,3.909017100993711,0.1907765635755185,40.58249911056739,3.3286350566612164,272.9674796747967,2.4355866268252804,3.64409397362632,156.2693693946484,3.1584553226795737,3.09812612532784,100.53594750002958,73.90416666666667,0.9787773694290595,0.0,68.0,246.0,180.0,220.83333333333331,113.34117110063939,26.157407407407412,0.735090554933897,0.7757148777455449
40,4,0.21096147289464712,False,3.8733816338582603,0.21648452117631725,30.36438485704083,3.3173990669815123,273.61111111111114,2.612451765247941,3.955392919349166,163.9419337630468,3.6053320151118466,2.969777880648846,96.823960499838,72.34583333333333,0.9781786755968457,3.0,49.0,240.0,189.0,212.5,118.32007306562777,26.697530864197535,0.7471813409071348,0.776831052586281
41,1,0.0023415191319246147,False,3.6610126382000368,0.07551128572642923,0.0,2.972703257998239,310.0513428120063,3.0713237452304076,3.4275948415177244,167.113752218589,4.028314315014458,2.8859642884487178,71.82163250003941,70.97916666666667,0.9962791230179174,0.0,0.0,211.0,218.0,245.83333333333331,114.9624158308361,24.292813455657498,0.9882236918436014,0.9997679545190857
41,2,0.0003270966897814994,False,3.423557540546762,0.08614186160160647,0.0,3.261791024692189,281.29125412541254,3.3909708672542553,3.4021479609233234,168.7747497116926,3.8902258214563816,2.5133728909151904,62.706050500040874,61.92916666666667,0.9975786924939467,0.0,0.0,202.0,210.0,229.16666666666666,117.40478592146616,23.25396825396826,0.9875747508305648,1.0
41,3,0.002717297836480583,False,3.4341139826627063,0.1506170850046511,0.0,2.173098008700881,433.3333333333333,2.300427970148198,3.430830825741934,162.6520762818426,3.58766134801027,4.26626096811258,118.8871110000182,117.80416666666666,0.9939642684693385,1.0,0.0,256.0,271.0,250.0,114.1537819490102,24.20049200492005,0.9908877440157011,0.9998598163594309
41,4,0.0033919065341310593,False,3.6830476867998003,0.12858836981542138,1.3834386370314538,2.3480165490386953,398.4038142620232,2.44146994402531,4.0170152612509655,183.55965303039923,3.7228813900307043,2.795120150392735,86.74038500001188,85.60416666666667,0.9968329000236351,0.0,2.0,201.0,209.0,266.6666666666667,124.62054718871622,25.458532695374807,0.9868863483523873,0.9999039292919589
42,1,0.011202886167283774,False,2.9604622598312105,0.08624243220366198,4.149820987098574,2.8886899433005073,321.21212121212125,2.79319606087735,2.7281975348193943,118.90419726725102,2.61911474619268,3.087063620473312,43.37536499998532,41.8875,0.9982717234757561,0.0,3.0,121.0,117.0,258.33333333333337,89.98340269728658,24.038461538461544,0.9656132936317356,0.9996158278908951
42,2,0.007010057909174032,False,3.478668368097192,0.11283611255672567,2.1993171083776217,2.8924833491912465,316.77631578947364,2.778306374881066,3.942459123568849,164.671126975279,3.6407264832958175,2.115055870589046,27.281195499934256,26.275,0.9989257213014119,0.0,1.0,76.0,73.0,268.75000000000006,117.16803455586563,28.196347031963473,0.9630421502748931,0.9993891264508247
42,3,0.01480158958705293,False,3.3690039076163294,0.13313130267744375,5.0711919636026295,2.295121655973853,411.7352320675106,2.1643868781019244,2.7212271922195543,122.33916750686014,2.9458115001944005,1.905209728474705,70.98922749992926,68.84166666666667,0.9982462293931954,0.0,6.0,158.0,149.0,345.8333333333333,92.63250509303968,23.909395973154364,0.9697147552529639,0.9854443009742928
42,4,0.013784461152882205,False,3.3630162232734344,0.11293849521442123,5.619028859965073,2.4865413915693244,376.34803921568624,2.291518537328593,3.53236445739782,156.3957755473485,2.9088378787492686,1.7907979635065443,42.71200699999463,41.020833333333336,0.9986316098133124,0.0,4.0,102.0,94.0,291.6666666666667,112.47225811227582,26.329787234042552,0.9603941078919129,0.9931720639875147
43,1,0.02867783985102421,False,2.9328675934465456,0.2833057295034608,5.2392325257840024,3.5362543621558746,256.1769005847953,3.567274137262505,2.950221746896876,138.686746686401,3.4493857377940533,4.899276965385231,34.35617700000148,32.2375,0.9727760736196319,1.0,3.0,114.0,115.0,183.33333333333331,101.63092637969578,22.78985507246377,0.9382731021101139,0.9917535774921173
43,2,0.012750223128904756,False,3.1335281834305233,0.17895732640517983,3.585955854911575,3.6458062840820564,246.33190883190886,3.8639314463775642,2.7775962052175407,133.66433919657078,3.5083355913017136,2.6860374250433945,33.463880999996036,32.09166666666667,0.9719746868138964,1.0,2.0,117.0,124.0,200.0,98.89975462353743,22.244623655913983,0.958914342629482,0.985308764940239
43,3,0.03319237213755685,False,3.5653966419173444,0.1959393548022385,3.4646730912042814,3.361457981775228,269.80421686746985,3.7057036787040163,2.8469181788025093,133.29472796672144,3.088121024738497,3.777759291700727,51.952953499989235,49.38333333333333,0.9859701246183049,0.0,3.0,166.0,183.0,227.08333333333334,98.09638195403342,21.37978142076503,0.9505172828614965,0.9637530072173216
43,4,0.024333359247453938,False,3.2870040852301843,0.20585336607588578,4.491120073182931,3.2144617912900575,287.2699386503067,3.2736236647493837,2.6576034102499873,125.19920766265338,2.6712533098133213,2.8339049612383618,53.43878499999846,50.708333333333336,0.9898804780876495,0.0,4.0,163.0,166.0,241.66666666666666,94.35198577324246,20.983935742971887,0.948853890534851,0.963823483549041
44,1,0.008113590263691683,False,2.8559917512708246,0.078047473758936,2.2408140907469587,3.692307692307692,241.18421052631584,3.692307692307692,3.114973864483953,122.84158669292017,3.2398066477474843,3.089163332304435,26.775982999999542,25.729166666666668,0.9995280792826805,1.0,1.0,95.0,95.0,195.83333333333334,92.84791742381039,27.061403508771928,0.9607904154348841,0.9872433105164904
44,2,0.008726838015540944,False,3.099714049202008,0.10098882547843561,3.469202129188099,3.8965904833270892,227.91666666666663,3.8066691644810793,3.348218651906322,133.9265354642819,3.6914580964108445,3.189616771659929,34.590086000000156,33.3625,0.9986734201640135,0.0,2.0,130.0,127.0,187.5,99.93535292620405,26.93569553805774,0.9644663936400867,0.9995181883883402
44,3,0.2273464357527405,False,3.349251581026195,0.2042109911625591,39.770663102499405,3.7960122699386503,233.45959595959593,2.8067484662576687,3.5151130433044098,141.5523775220328,3.492556489666374,3.233140847875467,63.363288500000635,43.46666666666667,0.9832102081934184,2.0,42.0,165.0,122.0,183.33333333333331,104.40760724826572,26.84426229508197,0.6859547606522882,0.8181220410310363
44,4,0.23069977426636568,False,2.3580416325043485,0.11237096934357943,31.89959804149139,3.0742235479908757,300.9322678843227,2.37234602561853,2.180823342893445,95.8231582181451,2.274914218387491,3.221793364259374,99.68777649999902,71.2375,0.9872492530943235,1.0,53.0,219.0,169.0,220.83333333333331,76.45469553182825,22.140039447731755,0.7145782830393714,0.4304104321658447
45,1,0.0024937655860349127,False,2.919816254724029,0.08480578890420327,0.8686588348434053,2.939555392246923,315.79166666666663,2.86606650744075,2.633142025840948,113.31780641495413,3.811821131562418,2.5513077575753744,69.07199650000257,68.0375,0.9968452380952381,0.0,1.0,200.0,195.0,266.6666666666667,86.680241859212,24.14529914529915,0.9849800941006153,0.9997587163710943
45,2,0.0002346041055718475,False,3.061307354861679,0.11640016735351214,0.0,3.3802816901408455,268.019943019943,3.3802816901408455,2.954416076656028,126.03660395148225,3.282285572674776,2.853251657804981,35.49809349999123,34.6125,0.9970667605303297,0.0,0.0,117.0,117.0,229.16666666666666,93.5288044712423,25.605413105413103,0.975,0.9997652582159624
45,3,0.006924643584521385,False,3.1262777403912065,0.11323490462890337,4.24344220563219,2.9172714078374455,316.7703150912106,2.7866473149492017,3.0775590163925948,131.2962234664544,3.88386596336775,2.6044274011387882,70.69732200000726,68.9,0.9945505683815774,0.0,5.0,201.0,192.0,266.6666666666667,97.58025092112598,25.976562499999996,0.9745403111739745,0.9946958981612447
45,4,0.0031472081218274113,False,3.285444114173115,0.08601082089570881,1.4762496345511213,2.7880690737833596,329.054054054054,2.7127158555729984,3.4223810318471157,137.52771493191466,3.7892344864596987,2.2874204410878587,40.643532500005676,39.8125,0.9956207353090946,0.0,1.0,111.0,108.0,275.0,100.72358305196622,28.202160493827158,0.9794976934905176,0.9993849938499385
46,1,0.015949493271307527,False,3.147726871352286,0.11047427339498547,4.694771669485903,3.894608270807887,231.40681003584228,3.643343221078346,3.058820643866057,144.0949705719339,3.40988966520338,2.207776552214523,25.560348500002874,23.879166666666666,0.9832854972142495,0.0,2.0,93.0,87.0,208.33333333333334,103.01464194249304,24.76053639846743,0.9341483292583537,0.970013037809648
46,2,0.013640345388562132,False,3.2412403100242053,0.12052496050178711,5.399964252237121,3.6268890046899425,250.35919540229884,3.658155289213132,2.9501496160305405,141.7671897943614,3.4527748836740346,2.711171296882515,33.33355399999709,31.983333333333334,0.9930220756153261,0.0,3.0,116.0,117.0,216.66666666666669,102.69368456860286,23.148148148148152,0.9593800774903137,0.9880029992501874
46,3,0.060382916053019146,False,3.9031489512757487,0.2705351086887472,8.379516397860899,2.8671106882334283,311.39380530973455,3.1715826197272436,3.5894266187340134,160.37556314230446,3.3966809905791613,4.2410762404750075,42.96190649998607,39.4125,0.9685475444096133,1.0,6.0,113.0,125.0,233.33333333333334,112.56787985620983,25.633333333333333,0.9173697992435264,0.9590768037238169
46,4,0.057895696571845366,False,3.1894873802352968,0.16742891212508712,7.910614016915933,3.1009615384615383,296.28552971576227,2.860576923076923,3.585983674074468,155.95597413186633,2.549230953286283,3.9547538109978877,45.50847749999957,41.6,0.9915803735604374,0.0,6.0,129.0,119.0,220.83333333333331,111.39683082335397,26.470588235294116,0.9140346058775062,0.9461735627975101
47,1,0.015744133082483413,False,3.2138421444507013,0.10472553920374163,5.723475094227626,3.936468389909685,229.0084388185654,3.9115540330115226,2.988873281343372,144.78214066790687,3.6245075073006054,2.963139051384146,41.932566500036046,40.1375,0.9914486921529175,0.0,4.0,158.0,157.0,195.83333333333334,103.77100264341448,22.929936305732483,0.9571740858505564,0.9829093799682035
47,2,0.0007369196757553427,False,3.297034544815089,0.12225654794164906,0.0,4.122310305775764,217.2161172161172,4.122310305775764,2.8500694976753405,139.48794845881244,3.357067519020738,2.871012215897798,22.789061499992386,22.075,0.9933628318584071,0.0,0.0,91.0,91.0,175.0,100.99924425411797,22.985347985347982,0.9685557586837295,0.9996343692870201
47,3,0.19222186802677718,False,3.45106832932378,0.2581247943758519,19.927505837241984,3.6352303185189805,235.8710562414266,4.263541731596335,3.2080004357957446,154.14608270966247,7.268943138299642,6.000539193917179,90.32741049991455,66.84583333333333,0.9165069342654188,1.0,30.0,243.0,285.0,183.33333333333331,106.77671659668856,22.119883040935672,0.7400249088980119,0.6368081180811808
47,4,0.22013341419041843,False,3.3464792904826623,0.14540439063831967,28.085760161181685,4.148936170212766,213.2211538461538,3.670212765957447,3.6476340327334134,149.45045654957465,3.4873715195265675,4.257382883251065,34.181022500037216,25.066666666666666,0.9326594090202177,0.0,16.0,104.0,92.0,183.33333333333331,112.49954516651592,24.68297101449275,0.7333008288639687,0.6916138469039493
