feature,auc_drop_mean,auc_drop_sd
blink_rate,0.3124345679012346,0.051596260360795745
pupil_mean,0.1187950617283951,0.03262895988251517
fixation_rate,0.03612839506172842,0.009761982503207409
gaze_sd_x,0.013708641975308678,0.006756999340339824
gaze_sd_y,0.0019555555555555906,0.005383359345408077
fixation_duration,0.0,0.0
saccade_rate,-0.0003259259259259073,0.004239568727653141
pupil_sd,-0.00037530864197529604,0.0004019158508518431
saccade_peak_velocity,-0.00217283950617281,0.0009925803082588586
saccade_amplitude,-0.002469135802469096,0.001497851939565735
