feature,mean_abs_shap,mean_shap,rank
blink_rate,4.258976236929691,-0.23564403715476923,1
pupil_mean,3.071117940869309,0.25762004076443706,2
fixation_rate,1.6376528499262588,-0.1361553851218303,3
gaze_sd_x,0.916304656782542,0.06497184938690218,4
gaze_sd_y,0.9046853695019539,-0.025491979028442583,5
saccade_rate,0.841878878236775,-0.00014106508627978896,6
saccade_peak_velocity,0.2445938227970554,-0.06161838311274348,7
saccade_amplitude,0.10071301543577592,-0.02493490422489203,8
pupil_sd,0.036771910017023464,0.0009977508788128892,9
fixation_duration,0.024270973077792697,0.005525528239293233,10
