feature,gain_mean,gain_sd,folds_used
blink_rate,8.297117339240181,2.7373250749755367,45
saccade_rate,2.5953539623154533,2.2773687271812557,45
pupil_mean,1.8782197515169778,1.2063155067339664,45
fixation_rate,1.3771563119358488,0.6935667369348535,45
fixation_duration,1.192845520708296,0.6465645232044408,43
gaze_sd_x,0.45818315049012504,0.31140892908764656,43
saccade_amplitude,0.4271627143025398,0.2743898700601889,40
saccade_peak_velocity,0.24820732068684365,0.20962250841555513,36
gaze_sd_y,0.23734255459987455,0.17619281425764685,38
pupil_sd,0.23556982104976973,0.24351045573977614,36
