feature,coefficient_mean,coefficient_sd,abs_coefficient_mean,sign_consistency,zeroed_share
blink_rate,4.790766405580489,2.903431385380863,4.790766405580489,1.0,0.0
pupil_mean,3.448074758683125,2.0835259933788364,3.448074758683125,1.0,0.0
fixation_rate,-1.8851533120634767,1.523348942929362,1.8851533120634767,1.0,0.0
gaze_sd_x,-1.165032156292485,0.8737436783736257,1.165032156292485,0.9777777777777777,0.022222222222222223
gaze_sd_y,-0.947228381871144,1.0907349298434075,0.947228381871144,0.9333333333333333,0.06666666666666667
saccade_rate,0.8891818103834633,1.0977424100204103,0.8994905432522046,0.5111111111111111,0.4666666666666667
saccade_peak_velocity,0.2924376940115001,0.4653773472561467,0.2924376940115001,0.37777777777777777,0.6222222222222222
saccade_amplitude,0.10759786737492563,0.2530554641939078,0.12144708255109865,0.37777777777777777,0.6
pupil_sd,0.03507002551772412,0.10413545294029734,0.04701665259600814,0.2222222222222222,0.7555555555555555
fixation_duration,-0.026320626587965447,0.05559025309498982,0.026320626587965447,0.2,0.8
