participant,colsample_bytree,learning_rate,max_depth,n_estimators,reg_alpha,reg_lambda,subsample
1,0.7213108174593661,0.05435646498507704,1,293,0.7438159327920405,0.026366491360378407,0.9610261775075308
2,0.7649651063273115,0.05676090867027261,1,103,0.002812060121120074,0.04644769479292791,0.8159466943377586
3,0.9890988281503088,0.0691720759412889,3,89,0.03860866271460544,0.5059803874660432,0.9776789914877982
4,0.7649651063273115,0.05676090867027261,1,103,0.002812060121120074,0.04644769479292791,0.8159466943377586
5,0.7649651063273115,0.05676090867027261,1,103,0.002812060121120074,0.04644769479292791,0.8159466943377586
7,0.7649651063273115,0.05676090867027261,1,103,0.002812060121120074,0.04644769479292791,0.8159466943377586
8,0.8646440511781974,0.08575946831862097,2,261,0.08663279761354557,0.20547625125911342,0.9675319002346239
9,0.9175762839458921,0.07506621909633512,2,133,0.08550088256963294,0.186880998419379,0.8819179642383772
10,0.8405953604943104,0.09883805440951686,2,251,0.0011480557979954681,0.21141352318287987,0.9938760186438185
11,0.8420824135821131,0.09004553759898222,2,197,0.10880242882938457,1.451770489609484,0.8746059376225321
12,0.9890988281503088,0.0691720759412889,3,89,0.03860866271460544,0.5059803874660432,0.9776789914877982
13,0.8078333391907964,0.07404467654180814,2,148,0.4379531634959562,5.684684928527872,0.7650466412882628
14,0.9890988281503088,0.0691720759412889,3,89,0.03860866271460544,0.5059803874660432,0.9776789914877982
15,0.8646440511781974,0.08575946831862097,2,261,0.08663279761354557,0.20547625125911342,0.9675319002346239
16,0.8646440511781974,0.08575946831862097,2,261,0.08663279761354557,0.20547625125911342,0.9675319002346239
18,0.8106175511982892,0.09104966149239677,1,163,0.32646356775235214,0.01942205696972693,0.9929378395040187
19,0.9832359252752689,0.08041264329270065,2,179,0.22435344153433007,0.31628521662642856,0.7151110170272631
20,0.809648831879023,0.05083139868669337,2,249,0.012020822750412483,1.5487156510304179,0.7514889031784321
21,0.9832359252752689,0.08041264329270065,2,179,0.22435344153433007,0.31628521662642856,0.7151110170272631
22,0.9175762839458921,0.07506621909633512,2,133,0.08550088256963294,0.186880998419379,0.8819179642383772
23,0.9011913608854478,0.06051912805369205,1,192,0.0666027261936067,0.0944368923025026,0.7115276279418203
24,0.9890988281503088,0.0691720759412889,3,89,0.03860866271460544,0.5059803874660432,0.9776789914877982
25,0.809648831879023,0.05083139868669337,2,249,0.012020822750412483,1.5487156510304179,0.7514889031784321
26,0.809648831879023,0.05083139868669337,2,249,0.012020822750412483,1.5487156510304179,0.7514889031784321
27,0.9832359252752689,0.08041264329270065,2,179,0.22435344153433007,0.31628521662642856,0.7151110170272631
28,0.9832359252752689,0.08041264329270065,2,179,0.22435344153433007,0.31628521662642856,0.7151110170272631
29,0.9832359252752689,0.08041264329270065,2,179,0.22435344153433007,0.31628521662642856,0.7151110170272631
30,0.9175762839458921,0.07506621909633512,2,133,0.08550088256963294,0.186880998419379,0.8819179642383772
31,0.9175762839458921,0.07506621909633512,2,133,0.08550088256963294,0.186880998419379,0.8819179642383772
32,0.8424092506865238,0.08117550505659342,2,167,0.09310837957239837,0.025974599147866057,0.758974708504016
33,0.8424092506865238,0.08117550505659342,2,167,0.09310837957239837,0.025974599147866057,0.758974708504016
34,0.9890988281503088,0.0691720759412889,3,89,0.03860866271460544,0.5059803874660432,0.9776789914877982
35,0.8646440511781974,0.08575946831862097,2,261,0.08663279761354557,0.20547625125911342,0.9675319002346239
36,0.8612119688347032,0.08793078121611786,3,294,0.026351252231361925,0.03622405211455963,0.9210754531386873
37,0.8646440511781974,0.08575946831862097,2,261,0.08663279761354557,0.20547625125911342,0.9675319002346239
38,0.8612119688347032,0.08793078121611786,3,294,0.026351252231361925,0.03622405211455963,0.9210754531386873
39,0.8424092506865238,0.08117550505659342,2,167,0.09310837957239837,0.025974599147866057,0.758974708504016
40,0.8424092506865238,0.08117550505659342,2,167,0.09310837957239837,0.025974599147866057,0.758974708504016
41,0.8424092506865238,0.08117550505659342,2,167,0.09310837957239837,0.025974599147866057,0.758974708504016
42,0.8424092506865238,0.08117550505659342,2,167,0.09310837957239837,0.025974599147866057,0.758974708504016
43,0.8424092506865238,0.08117550505659342,2,167,0.09310837957239837,0.025974599147866057,0.758974708504016
44,0.8612119688347032,0.08793078121611786,3,294,0.026351252231361925,0.03622405211455963,0.9210754531386873
45,0.9175762839458921,0.07506621909633512,2,133,0.08550088256963294,0.186880998419379,0.8819179642383772
46,0.9111211837869748,0.06442382185242644,1,90,0.18548982077619472,0.1542747411018313,0.9688115162527231
47,0.9111211837869748,0.06442382185242644,1,90,0.18548982077619472,0.1542747411018313,0.9688115162527231
