participant,clf__C,clf__l1_ratio
1,65.81332043291806,0.3834415188257777
2,65.81332043291806,0.3834415188257777
3,65.81332043291806,0.3834415188257777
4,65.81332043291806,0.3834415188257777
5,65.81332043291806,0.3834415188257777
7,65.81332043291806,0.3834415188257777
8,65.81332043291806,0.3834415188257777
9,7.776492451078387,0.8700121482468192
10,65.81332043291806,0.3834415188257777
11,9.091283280651457,0.5288949197529045
12,9.091283280651457,0.5288949197529045
13,0.5547119471592125,0.7151893663724195
14,7.776492451078387,0.8700121482468192
15,0.5547119471592125,0.7151893663724195
16,0.5547119471592125,0.7151893663724195
18,0.5547119471592125,0.7151893663724195
19,0.6921859910208611,0.925596638292661
20,0.6921859910208611,0.925596638292661
21,0.6921859910208611,0.925596638292661
22,2.156917714305618,0.6706378696181594
23,0.6921859910208611,0.925596638292661
24,0.6921859910208611,0.925596638292661
25,0.6921859910208611,0.925596638292661
26,0.6921859910208611,0.925596638292661
27,0.6921859910208611,0.925596638292661
28,0.6921859910208611,0.925596638292661
29,0.6921859910208611,0.925596638292661
30,0.6921859910208611,0.925596638292661
31,0.6921859910208611,0.925596638292661
32,0.6921859910208611,0.925596638292661
33,0.6921859910208611,0.925596638292661
34,9.091283280651457,0.5288949197529045
35,7.776492451078387,0.8700121482468192
36,1.1494196400307433,0.6169339968747569
37,0.6921859910208611,0.925596638292661
38,0.6921859910208611,0.925596638292661
39,7.776492451078387,0.8700121482468192
40,0.6921859910208611,0.925596638292661
41,2.156917714305618,0.6706378696181594
42,1.032326035197657,0.5448831829968969
43,0.15414734761917095,0.8917730007820798
44,78.17928805172366,0.7991585642167236
45,7.776492451078387,0.8700121482468192
46,65.81332043291806,0.3834415188257777
47,9.091283280651457,0.5288949197529045
