activity,feature,recordings,n_nan,share_nan
1,pupil_mean,45,0,0.0
1,pupil_sd,45,0,0.0
1,blink_rate,45,0,0.0
1,fixation_rate,45,0,0.0
1,fixation_duration,45,0,0.0
1,saccade_rate,45,0,0.0
1,saccade_amplitude,45,0,0.0
1,saccade_peak_velocity,45,0,0.0
1,gaze_sd_x,45,0,0.0
1,gaze_sd_y,45,0,0.0
2,pupil_mean,45,0,0.0
2,pupil_sd,45,0,0.0
2,blink_rate,45,0,0.0
2,fixation_rate,45,0,0.0
2,fixation_duration,45,0,0.0
2,saccade_rate,45,0,0.0
2,saccade_amplitude,45,0,0.0
2,saccade_peak_velocity,45,0,0.0
2,gaze_sd_x,45,0,0.0
2,gaze_sd_y,45,0,0.0
3,pupil_mean,45,0,0.0
3,pupil_sd,45,0,0.0
3,blink_rate,45,0,0.0
3,fixation_rate,45,0,0.0
3,fixation_duration,45,0,0.0
3,saccade_rate,45,0,0.0
3,saccade_amplitude,45,0,0.0
3,saccade_peak_velocity,45,0,0.0
3,gaze_sd_x,45,0,0.0
3,gaze_sd_y,45,0,0.0
4,pupil_mean,45,0,0.0
4,pupil_sd,45,0,0.0
4,blink_rate,45,0,0.0
4,fixation_rate,45,0,0.0
4,fixation_duration,45,0,0.0
4,saccade_rate,45,0,0.0
4,saccade_amplitude,45,0,0.0
4,saccade_peak_velocity,45,0,0.0
4,gaze_sd_x,45,0,0.0
4,gaze_sd_y,45,0,0.0
