participant,activity,y,p_lr,p_xgb
1,1,0,0.47489491900383385,0.2756410837173462
1,4,1,0.5572894276869614,0.8983307480812073
2,1,0,0.35174926355641006,0.2406291365623474
2,4,1,0.828783225225717,0.8805462121963501
3,1,0,0.18449287204718473,0.12828150391578674
3,4,1,0.8148538910835146,0.7539224624633789
4,1,0,0.4060075583311385,0.41350340843200684
4,4,1,0.8695790349608924,0.9169943928718567
5,1,0,0.23187745398954018,0.19758225977420807
5,4,1,0.7548382587174655,0.8899756669998169
7,1,0,0.6443148217192357,0.7731094360351562
7,4,1,0.807107920274072,0.7079985737800598
8,1,0,0.5233604496373164,0.7333751916885376
8,4,1,0.8015395869858637,0.8513491749763489
9,1,0,0.7444891305697533,0.9939998388290405
9,4,1,0.4827059342301445,0.04476538300514221
10,1,0,0.2657493889884291,0.22764648497104645
10,4,1,0.6852197168190308,0.8952736854553223
11,1,0,0.4768014101513384,0.4650949537754059
11,4,1,0.691980957256835,0.8752804398536682
12,1,0,0.14637807823578397,0.07058848440647125
12,4,1,0.3296477933407046,0.29478245973587036
13,1,0,0.18362574848233207,0.05630651116371155
13,4,1,0.22634906669867705,0.23579587042331696
14,1,0,0.41739762035211536,0.5495731234550476
14,4,1,0.8607752805272704,0.888866662979126
15,1,0,0.30165479741237855,0.2486482411623001
15,4,1,0.8477424079405862,0.902232825756073
16,1,0,0.45092745766073233,0.3195795714855194
16,4,1,0.28486458401950715,0.09487949311733246
18,1,0,0.32847486925122243,0.060704272240400314
18,4,1,0.305090269436114,0.17210040986537933
19,1,0,0.27354270415333987,0.20379593968391418
19,4,1,0.6146812343768052,0.6110442280769348
20,1,0,0.4749571251752869,0.35079696774482727
20,4,1,0.5569225379151748,0.8480842113494873
21,1,0,0.33584248497853736,0.21871204674243927
21,4,1,0.841059165479161,0.9100152850151062
22,1,0,0.19009751606281422,0.26285049319267273
22,4,1,0.8194598275519426,0.8853451609611511
23,1,0,0.19514677244423156,0.2703719735145569
23,4,1,0.7007838770378002,0.4465583264827728
24,1,0,0.15121276370195025,0.28363797068595886
24,4,1,0.6346676858654795,0.7067192792892456
25,1,0,0.21669103709217277,0.04358047991991043
25,4,1,0.558482193290594,0.6469497680664062
26,1,0,0.21325972304999186,0.17137715220451355
26,4,1,0.5799160522591287,0.44942858815193176
27,1,0,0.15791351195687559,0.04919755086302757
27,4,1,0.6961772885719357,0.8519884347915649
28,1,0,0.37016371571444606,0.32069122791290283
28,4,1,0.8748914396016355,0.9230318665504456
29,1,0,0.24849979702115826,0.05719400942325592
29,4,1,0.8310883501558763,0.898015022277832
30,1,0,0.5838930103785142,0.7906158566474915
30,4,1,0.7671438495368504,0.9389036893844604
31,1,0,0.4847571653585086,0.29832959175109863
31,4,1,0.5658653402731503,0.9031786918640137
32,1,0,0.21080937114348708,0.06057019904255867
32,4,1,0.6752374147056153,0.8683995008468628
33,1,0,0.528832349926097,0.8097783923149109
33,4,1,0.4261677396106152,0.08616861701011658
34,1,0,0.476636814556595,0.2690964341163635
34,4,1,0.5677216452325886,0.9275089502334595
35,1,0,0.4625726844780926,0.15993565320968628
35,4,1,0.5654816555597286,0.9373213648796082
36,1,0,0.5786309935269511,0.9202961325645447
36,4,1,0.451370720577082,0.32363417744636536
37,1,0,0.457224606458801,0.20576290786266327
37,4,1,0.5015348662204899,0.37738150358200073
38,1,0,0.34087436472715726,0.26948225498199463
38,4,1,0.7560409367064801,0.9026339650154114
39,1,0,0.45150914695850075,0.10499638319015503
39,4,1,0.44347889353398595,0.2853637933731079
40,1,0,0.13183298029554089,0.05979926139116287
40,4,1,0.6753682538482134,0.7870381474494934
41,1,0,0.7984420892456173,0.8704487681388855
41,4,1,0.8529084974359137,0.9267757534980774
42,1,0,0.13627879198773396,0.06035485118627548
42,4,1,0.6249769848910335,0.7151619791984558
43,1,0,0.2652313156357316,0.16182848811149597
43,4,1,0.5786090768267809,0.700850784778595
44,1,0,0.45830075907024737,0.5000951290130615
44,4,1,0.07560675320159904,0.15837731957435608
45,1,0,0.20988107988217453,0.04748905077576637
45,4,1,0.8347209361571283,0.8959963321685791
46,1,0,0.3465253768621335,0.24617215991020203
46,4,1,0.3776336900819859,0.26993533968925476
47,1,0,0.21419872225436978,0.2340112030506134
47,4,1,0.5831919354339073,0.628233015537262
